calendar_year,fund_code,fund_name,base_schedule_number,recid,first_pdf_page
2017,ACM,Trust Fund in Support of General Assembly and Conference Management Activities,6.1,1644706.0,345
2017,AHA,Voluntary Fund for Advisory Services and Technical Assistance in the Field of Human Rights,4.1,1644706.0,281
2017,AMR,Trust Fund for the Annual Ministerial Review and the Development Cooperation Forum,3.1,1644706.0,158
2017,ANC,Trust Fund for the Promotion of Social and Economic Development in Afghanistan,1.1,1644706.0,12
2017,BKT,ESCAP - Technical Cooperation Project Trust Funds - Local,3.2,1644706.0,161
2017,BTF,General Trust Fund for ESCAP Regional Activities,3.3,1644706.0,165
2017,BTS,ECLAC Santiago - Technical Cooperation Project Trust Funds,3.4,1644706.0,168
2017,CAF,Trust Fund in Support of Peace and Security in the Central African Republic,1.2,1644706.0,14
2017,CCR,Trust Fund to Support the Coordination and Coherence of the Rule of Law Activities of the United Nations System,2.1,1644706.0,126
2017,CCS,Trust Fund for Climate Change Support,6.2,1644706.0,347
2017,CER,Central Emergency Response Fund,4.2,1644706.0,285
2017,CHA,United Nations Voluntary Fund for Victims of Torture,4.3,1644706.0,289
2017,CIA,Trust Fund for a Human Rights Education Programme in Cambodia,4.4,1644706.0,292
2017,CIB,Trust Fund in support of the construction and renovation of the United Nations compound in Baghdad,1.3,1644706.0,17
2017,CLA,Trust Fund for Legal Affairs and related issues,2.2,1644706.0,128
2017,CLO,Trust Funds converted from IMIS to be closed,6.3,1644706.0,350
2017,CLR,Trust Fund Central Emergency Response Fund Loan component,4.5,1644706.0,295
2017,COC,Trust Fund to Support Management and Reform Activities,6.4,1644706.0,353
2017,CPK,Trust Fund for Peacekeeping Support Activities,1.4,1644706.0,19
2017,CSA,Trust Fund for Case Studies on the Functioning of the Operational Activities for Development of the United Nations System,3.5,1644706.0,172
2017,CTD,Trust Fund for the Counter-Terrorism Committee Executive Directorate,1.5,1644706.0,22
2017,CTI,Trust Fund for Counter-Terrorism,1.6,1644706.0,25
2017,DAA,United Nations Regional Centre for Peace and Disarmament in Africa,1.8,1644706.0,28
2017,DBA,"Trust Fund for the United Nations Regional Centre for Peace, Disarmament and Development in Latin America",1.9,1644706.0,31
2017,DDN,Trust Fund for the Strengthening of the Office of the Emergency Relief Coordinator,4.6,1644706.0,297
2017,DFA,Trust Fund for the United Nations Regional Centre for Peace and Disarmament in Asia,1.10,1644706.0,34
2017,DGA,Trust Fund for Global and Regional Disarmament Activities,1.11,1644706.0,37
2017,DGT,Sub-account for supporting the implementation of the Arms Trade Treaty and Programme of Action,1.12,1644706.0,40
2017,DJA,Trust Fund for the establishment of a Joint Investigative Mechanism (gfj) pursuant to rkp`o OOPR (OMNR),1.13,1644706.0,43
2017,DLA,Sasakawa - UNDRO Disaster Prevention Award Endowment Fund,4.7,1644706.0,301
2017,DRA,United Nations Institute for Disarmament Research,1.14,1644706.0,46
2017,DVA,Trust Fund for Development Planning and Projections,3.6,1644706.0,175
2017,DXA,Trust Fund for Disaster Reduction,4.8,1644706.0,303
2017,EAA,"United Nations Electronic Data Interchange for Administration, Commerce and Transport",3.7,1644706.0,177
2017,ECE,ECE Local Technical Co-operation Trust Funds,3.8,1644706.0,179
2017,EER,Trust Fund in support of the UN Coordinated Response to the Ebola Crisis,1.15,1644706.0,50
2017,EHA,UN/ECE Trust Fund on Human Settlements,3.9,1644706.0,184
2017,EIA,"Trust Fund for Environmental Performance Reviews and the ""Environment for Europe""",3.10,1644706.0,187
2017,ERA,Development Forum Trust Fund,5.1,1644706.0,337
2017,ESA,Trust Fund for Economic and Social Information,5.2,1644706.0,339
2017,FII,Trust Fund on Indigenous Issues,3.11,1644706.0,190
2017,FYA,United Nations Trust Fund on Family Activities,3.12,1644706.0,193
2017,GAC,Trust Fund in Support of the Office of the President of the General Assembly,6.5,1644706.0,356
2017,GBA,Trust Fund for Statistical Development and Capacity Building,3.13,1644706.0,195
2017,GCU,United Nations Trust Fund for Government Contributions to UNICS,5.3,1644706.0,342
2017,GIV,Trust Fund to Support Global Impact and Vulnerability Alert System,6.6,1644706.0,359
2017,GKA,Global Compact Trust Fund,3.14,1644706.0,198
2017,GLA,Trust Fund in support of the Office of the Special Envoy of the Secretary-General for the Great Lakes Region,1.16,1644706.0,53
2017,GNA,Trust Fund for the International Tribunal for the Prosecution of Persons Responsible for Genocide and Other Serious Violations of International Humanitarian Law Committed in the Territory of Rwanda,2.3,1644706.0,131
2017,GTA,Trust Fund for German Language Translation,6.7,1644706.0,362
2017,GYA,Trust Fund for United Nations Integrated Peace Building Office in Guinea Bissau (UNIOGBIS),1.17,1644706.0,56
2017,HBP,Trust Fund for the Implementation of HLCM Plan of Action for the Harmonization of Business Practices in the United Nations system,6.8,1644706.0,365
2017,HCA,Trust Fund for the Support to the Activities of the Centre for Human Rights,4.9,1644706.0,307
2017,HDM,ECA as Executing Agency for Miscellaneous Technical Co-operation Funds,3.15,1644706.0,201
2017,HIA,Trust Fund to Support Activities for the Follow-up to the International Conference on Financing for Development,3.16,1644706.0,204
2017,HKA,Trust Fund in Support of the Political Transition in Haiti,1.18,1644706.0,59
2017,HYA,Trust Fund for Human Security,4.10,1644706.0,312
2017,IDA,United Nations Voluntary Fund on Disability,3.17,1644706.0,207
2017,IEA,United Nations Youth Fund,3.18,1644706.0,210
2017,IHA,United Nations Voluntary Fund for Indigenous Populations,4.11,1644706.0,315
2017,IIT,Trust Fund to Support the Iraq Investigative Team pursuant to rkp`o OPTV (OMNT),1.42,1644706.0,123
2017,IOA,Voluntary Trust Fund to Support the Activities of the International Tribunal Established by Security Council Resolution UOT (NVVP),2.4,1644706.0,134
2017,JMS,Trust Fund for the AU-UN Joint Mediation Support Team (JMST) for Darfur,1.19,1644706.0,61
2017,JPO,Trust Fund for Junior Professional Officer Programme Administered by Department of Economic and Social Affairs,3.20,1644706.0,213
2017,JTA,Trust Fund for the Millennium Assembly and the Millennium Summit of the United Nations,6.9,1644706.0,367
2017,KJA,Trust Fund to Assist Members of the Commission on the Limits of the Continental Shelf from Developing States to Participate in its Meetings,2.5,1644706.0,137
2017,KRT,UNAKRT - UN Assistance for the Khmer Rouge Trails,3.21,1644706.0,216
2017,KSA,Trust Fund in Support of the United Nations Forum on Forests,3.22,1644706.0,219
2017,KUA,Trust Fund to Assist Developing States in the Preparation of Submissions to the Commission on the Limits of the Continental Shelf,2.6,1644706.0,140
2017,LAC,ECLAC - Miscellaneous project accounts,3.23,1644706.0,222
2017,LEA,Library Endowment Fund,6.10,1644706.0,370
2017,LJA,Trust Fund for Special Projects of the Secretary-General,6.11,1644706.0,372
2017,LLA,Trust Fund in Support of the Department of Peacekeeping Operations,1.20,1644706.0,64
2017,LLS,"Trust Fund in Support of Activities Undertaken by the Office of the High Representative for the Least Developed Countries, Landlocked Developing Countries and Small Island Developing States (OHRLLS)",3.24,1644706.0,225
2017,LPD,Trust Fund to Support Lasting Peace in Darfur,1.21,1644706.0,67
2017,LRA,Trust Fund for the Financing of the Implementation of the Convention on Long-Range Transboundary Air Pollution,3.25,1644706.0,228
2017,LSS,Trust Fund for UNOG Local Support Services,6.12,1644706.0,375
2017,LTA,Trust Fund for the ECE Study on Long-Term European Timber Trends and Prospects,3.26,1644706.0,232
2017,MIS,Trust Fund in Support of the African-led International Support Mission in the Central African Republic (MISCA),1.22,1644706.0,69
2017,MNA,Voluntary Trust Fund for Assistance in Mine Action,4.12,1644706.0,318
2017,MSM,Trust Fund in Support of the African-led International Support Mission in Mali,1.23,1644706.0,72
2017,NAA,Trust Fund for the Support of Activities of OSAA to the New Partnership for Africa's Development (NEPAD) and Tokyo International Conference on African Development (TICAD) Process,3.27,1644706.0,234
2017,NGA,Trust Fund to Support Peace Process in the Democratic Republic of Congo,1.24,1644706.0,74
2017,NNA,Trust Fund for Children and Armed Conflict,1.25,1644706.0,77
2017,OTB,Trust Fund to Support the launch and operationalization of the Technology Bank for LDCs,3.28,1644706.0,237
2017,OUN,Technical Cooperation Trust Fund for One UN projects implemented by UNCTAD,3.29,1644706.0,240
2017,PDF,Trust Fund for United Nations Peace and Development,3.30,1644706.0,243
2017,PGA,Trust Fund for Population and Development,3.31,1644706.0,246
2017,PIL,Trust Fund for the Office of Legal Affairs to Support the Promotion of International Law,2.7,1644706.0,143
2017,PSL,Trust Fund in Support of Peace and Security in Libya,1.26,1644706.0,80
2017,PSM,Trust Fund in Support of Peace and Security in Mali,1.27,1644706.0,82
2017,PSO,Trust Fund for the Peacebuilding Support Office,1.28,1644706.0,85
2017,PYA,Trust Fund for Preventive Action,1.29,1644706.0,88
2017,QGA,United Nations Fund for International Partnership (UNFIP),7.1,1644706.0,397
2017,QGB,Trust Fund for Partnerships,7.2,1644706.0,400
2017,QOA,United Nations Trust Fund for Enhancing Professional Capacity in Internal Oversight Functions,6.13,1644706.0,378
2017,RIA,United Nations Research Institute for Social Development,3.32,1644706.0,249
2017,RMB,Trust Fund to Support the Activities of the International Residual Mechanism for Criminal Tribunals,2.8,1644706.0,146
2017,ROD,Trust Fund in Support of the United Nations Register of Damage,1.30,1644706.0,91
2017,SAU,Trust Fund in Support of the African Union Mission to Somalia (AMISOM),1.31,1644706.0,94
2017,SBA,Trust Fund in Support of the Programme on the Preaceful Uses of Outer Space,1.32,1644706.0,97
2017,SDP,Trust Fund for Sports for Development and Peace,6.14,1644706.0,381
2017,SHA,United Nations Trust Fund on Contemporary Forms of Slavery,4.13,1644706.0,322
2017,SIM,Trust Fund in Support of the International Impartial and Independent Mechanism,4.14,1644706.0,325
2017,SNA,Trust Fund to promote information to United Nations staff about the work of the Organization (formerly Secretariat News Trust Fund),6.15,1644706.0,384
2017,SOP,Trust Fund for Peacebuilding in Somalia,1.33,1644706.0,100
2017,STS,Trust Fund in Support of the Somali Transitional Security Institutions,1.34,1644706.0,103
2017,SVB,Trust Fund in Support of Victims of Sexual Exploitaion and Abuse,1.35,1644706.0,105
2017,SVC,Trust Fund in Support of the Office of the Special Representative of the Secretary-General on Sexual Violence in Conflict,1.36,1644706.0,108
2017,SVD,Trust Fund in Support of the Special Representative of the Secretary-General on Violence against Children,1.37,1644706.0,111
2017,SWE,Trust Fund for Support of Joint Inspection Unit (JIU) Activities,3.33,1644706.0,252
2017,SZA,Trust Fund in Support of Political Affairs,1.38,1644706.0,114
2017,TJA,Trust Fund to Assist States in the Judicial Settlement of Disputes through the International Court of Justice,2.9,1644706.0,149
2017,TLA,"Trust Fund for the United Nations Programme of Assistance in the Teaching, Study, Dissemination and Wider Appreciation of International Law",2.10,1644706.0,152
2017,TTA,United Nations Commission on International Trade Law Symposia,2.11,1644706.0,155
2017,TXB,Trust Fund for UNCTAD Technical Cooperation Projects,3.34,1644706.0,255
2017,UDF,UN Democracy Trust Fund,1.39,1644706.0,118
2017,UGA,Trust Fund for Security of Staff Members of the United Nations System,6.16,1644706.0,386
2017,UIC,Trust Fund for the United Nations Operation in Cote d'Ivoire,1.40,1644706.0,121
2017,UNN,Trust Fund for UNON Extrabudgetary,6.17,1644706.0,389
2017,UPR,Voluntary Fund for Financial and Technical Assistance for the Implementation of the Universal Periodic Review,4.15,1644706.0,328
2017,VPU,Voluntary Fund for Participation in the Universal Periodic Review,4.16,1644706.0,331
2017,VTA,Voluntary Technical Assistance Trust Fund to Support the Paticipation of Least Developed Countries & Small Island Developing States in the work of the Human Rights Council,4.17,1644706.0,334
2017,WAA,Trust Fund for Aging,3.35,1644706.0,262
2017,WKA,Trust Fund to Support the work of the High-level Political Forum on Sustainable Development,3.36,1644706.0,265
2017,WOA,Trust Fund for the Follow-up to the World Summit for Social Development,3.37,1644706.0,269
2017,WVZ,ESCWA - Technical Cooperation Trust Fund,3.38,1644706.0,271
2017,XES,Trust Fund for Department of Economic and Social Affairs Capacity Development Programme,3.39,1644706.0,274
2017,YFA,Trust Fund for Assistance in the Training of United Nations Staff in the French Language,6.18,1644706.0,392
2017,YJA,Trust Fund for Alliance of Civilizations,3.40,1644706.0,278
2017,YRA,Trust Fund for Will and Gift to the UN,6.19,1644706.0,394
2018,ACM,Trust Fund in Support of General Assembly and Conference Management Activities,6.1,3930166.0,346
2018,AHA,Voluntary Fund for Advisory Services and Technical Assistance in the Field of Human Rights,4.1,3930166.0,284
2018,AMR,Trust Fund for the Annual Ministerial Review and the Development Cooperation Forum,3.1,3930166.0,157
2018,ANC,Trust Fund for the Promotion of Social and Economic Development in Afghanistan,1.1,3930166.0,12
2018,BKT,ESCAP - Technical Cooperation Project Trust Funds - Local,3.2,3930166.0,160
2018,BTF,General Trust Fund for ESCAP Regional Activities,3.3,3930166.0,164
2018,BTS,ECLAC Santiago - Technical Cooperation Project Trust Funds,3.4,3930166.0,167
2018,CAF,Trust Fund in Support of Peace and Security in the Central African Republic,1.2,3930166.0,15
2018,CCR,Trust Fund to Support the Coordination and Coherence of the Rule of Law Activities of the United Nations System,2.1,3930166.0,127
2018,CCS,Trust Fund for Climate Change Support,6.2,3930166.0,349
2018,CER,Central Emergency Response Fund,4.2,3930166.0,287
2018,CFE,Trust Fund for ECA Construction,6.21,3930166.0,404
2018,CHA,United Nations Voluntary Fund for Victims of Torture,4.3,3930166.0,291
2018,CIA,Trust Fund for a Human Rights Education Programme in Cambodia,4.4,3930166.0,294
2018,CIB,Trust Fund in Support of the construction and renovation of the United Nations compound in Baghdad,1.3,3930166.0,18
2018,CLA,Trust Fund for Legal Affairs and related issues,2.2,3930166.0,129
2018,CLO,Trust Funds converted from IMIS to be closed,6.3,3930166.0,352
2018,CLR,Trust Fund Central Emergency Response Fund Loan component,4.5,3930166.0,297
2018,CNM,Trust Fund in Support of the Cameroon-Nigeria Border Demarcation,1.43,3930166.0,124
2018,COC,Trust Fund to Support Management and Reform Activities,6.4,3930166.0,355
2018,CPK,Trust Fund for Peacekeeping Support Activities,1.4,3930166.0,20
2018,CSA,Trust Fund for Case Studies on the Functioning of the Operational Activities for Development of the United Nations System,3.5,3930166.0,171
2018,CTD,Trust Fund for the Counter-Terrorism Committee Executive Directorate,1.5,3930166.0,23
2018,CTI,Trust Fund for Counter-Terrorism,1.6,3930166.0,26
2018,DAA,United Nations Regional Centre for Peace and Disarmament in Africa,1.8,3930166.0,29
2018,DBA,"Trust Fund for the United Nations Regional Centre for Peace, Disarmament and Development in Latin America",1.9,3930166.0,32
2018,DDN,Trust Fund for the Strengthening of the Office of the Emergency Relief Coordinator,4.6,3930166.0,299
2018,DFA,Trust Fund for the United Nations Regional Centre for Peace and Disarmament in Asia,1.10,3930166.0,35
2018,DGA,Trust Fund for Global and Regional Disarmament Activities,1.11,3930166.0,38
2018,DGT,Sub-account for supporting the implementation of the Arms Trade Treaty and Programme of Action,1.12,3930166.0,41
2018,DJA,Trust Fund for the establishment of a Joint Investigative Mechanism (gfj) pursuant to rkp`o OOPR (OMNR),1.13,3930166.0,44
2018,DLA,Sasakawa - UNDRO Disaster Prevention Award Endowment Fund,4.7,3930166.0,303
2018,DRA,United Nations Institute for Disarmament Research,1.14,3930166.0,47
2018,DSA,Special Purpose Trust Fund for the Reinvigorated Resident Coordinator (RC) System,6.22,3930166.0,407
2018,DUN,Trust Fund for Digital Agenda,6.20,3930166.0,401
2018,DVA,Trust Fund for Development Planning and Projections,3.6,3930166.0,174
2018,DXA,Trust Fund for Disaster Reduction,4.8,3930166.0,305
2018,EAA,"United Nations Electronic Data Interchange for Administration, Commerce and Transport",3.7,3930166.0,176
2018,ECE,ECE Local Technical Co-operation Trust Funds,3.8,3930166.0,178
2018,EER,Trust Fund in Support of the UN Coordinated Response to the Ebola Crisis,1.15,3930166.0,50
2018,EHA,UN/ECE Trust Fund on Human Settlements,3.9,3930166.0,183
2018,EIA,"Trust Fund for Environmental Performance Reviews and the ""Environment for Europe""",3.10,3930166.0,186
2018,ERA,Development Forum Trust Fund,5.1,3930166.0,338
2018,ESA,Trust Fund for Economic and Social Information,5.2,3930166.0,340
2018,FII,Trust Fund on Indigenous Issues,3.11,3930166.0,189
2018,FYA,United Nations Trust Fund on Family Activities,3.12,3930166.0,192
2018,GAC,Trust Fund in Support of the Office of the President of the General Assembly,6.5,3930166.0,358
2018,GBA,Trust Fund for Statistical Development and Capacity Building,3.13,3930166.0,194
2018,GCU,United Nations Trust Fund for Government Contributions to UNICS,5.3,3930166.0,343
2018,GIV,Trust Fund to Support Global Impact and Vulnerability Alert System,6.6,3930166.0,361
2018,GKA,Global Compact Trust Fund,3.14,3930166.0,197
2018,GLA,Trust Fund in Support of the Office of the Special Envoy of the Secretary-General for the Great Lakes Region,1.16,3930166.0,52
2018,GNA,Trust Fund for the International Tribunal for the Prosecution of Persons Responsible for Genocide and Other Serious Violations of International Humanitarian Law Committed in the Territory of Rwanda,2.3,3930166.0,132
2018,GTA,Trust Fund for German Language Translation,6.7,3930166.0,364
2018,GYA,Trust Fund for United Nations Integrated Peace Building Office in Guinea Bissau (UNIOGBIS),1.17,3930166.0,55
2018,HBP,Trust Fund for the Implementation of HLCM Plan of Action for the Harmonization of Business Practices in the United Nations system,6.8,3930166.0,367
2018,HCA,Trust Fund for the Support to the Activities of the Centre for Human Rights,4.9,3930166.0,309
2018,HDM,ECA as Executing Agency for Miscellaneous Technical Co-operation Funds,3.15,3930166.0,200
2018,HIA,Trust Fund to Support Activities for the Follow-up to the International Conference on Financing for Development,3.16,3930166.0,204
2018,HKA,Trust Fund in Support of the Political Transition in Haiti,1.18,3930166.0,58
2018,HYA,Trust Fund for Human Security,4.10,3930166.0,314
2018,IDA,United Nations Voluntary Fund on Disability,3.17,3930166.0,207
2018,IDP,African Institute for Economic Development and Planning,3.41,3930166.0,279
2018,IEA,United Nations Youth Fund,3.18,3930166.0,210
2018,IHA,United Nations Voluntary Fund for Indigenous Populations,4.11,3930166.0,317
2018,IIT,Trust Fund in Support of the Implementation of the rkp`o OPTV (OMNT),1.42,3930166.0,121
2018,IOA,Voluntary Trust Fund to Support the Activities of the International Tribunal Established by Security Council Resolution UOT (NVVP),2.4,3930166.0,134
2018,JMS,Trust Fund for the AU-UN Joint Mediation Support Team (JMST) for Darfur,1.19,3930166.0,60
2018,JPO,Trust Fund for Junior Professional Officer Programme Administered by Department of Economic and Social Affairs,3.20,3930166.0,212
2018,JTA,Trust Fund for the Millennium Assembly and the Millennium Summit of the United Nations,6.9,3930166.0,370
2018,KJA,Trust Fund to Assist Members of the Commission on the Limits of the Continental Shelf from Developing States to Participate in its Meetings,2.5,3930166.0,137
2018,KRT,UNAKRT - UN Assistance for the Khmer Rouge Trails,3.21,3930166.0,215
2018,KSA,Trust Fund in Support of the United Nations Forum on Forests,3.22,3930166.0,218
2018,KUA,Trust Fund to Assist Developing States in the Preparation of Submissions to the Commission on the Limits of the Continental Shelf,2.6,3930166.0,140
2018,LAC,ECLAC - Miscellaneous project accounts,3.23,3930166.0,221
2018,LEA,Library Endowment Fund,6.10,3930166.0,373
2018,LJA,Trust Fund for Special Projects of the Secretary-General,6.11,3930166.0,375
2018,LLA,Trust Fund in Support of the Department of Peacekeeping Operations,1.20,3930166.0,63
2018,LLS,"Trust Fund in Support of Activities Undertaken by the Office of the High Representative for the Least Developed Countries, Landlocked Developing Countries and Small Island Developing States (OHRLLS)",3.24,3930166.0,224
2018,LPD,Trust Fund to Support Lasting Peace in Darfur,1.21,3930166.0,66
2018,LRA,Trust Fund for the Financing of the Implementation of the Convention on Long-Range Transboundary Air Pollution,3.25,3930166.0,227
2018,LSS,Trust Fund for UNOG Local Support Services,6.12,3930166.0,379
2018,LTA,Trust Fund for the ECE Study on Long-Term European Timber Trends and Prospects,3.26,3930166.0,231
2018,MIS,Trust Fund in Support of the African-led International Support Mission in the Central African Republic (MISCA),1.22,3930166.0,68
2018,MNA,Voluntary Trust Fund for Assistance in Mine Action,4.12,3930166.0,320
2018,MSM,Trust Fund in Support of the African-led International Support Mission in Mali,1.23,3930166.0,70
2018,NAA,Trust Fund for the Support of Activities of OSAA to the New Partnership for Africa's Development (NEPAD) and Tokyo International Conference on African Development (TICAD) Process,3.27,3930166.0,234
2018,NGA,Trust Fund to Support Peace Process in the Democratic Republic of Congo,1.24,3930166.0,72
2018,NNA,Trust Fund for Children and Armed Conflict,1.25,3930166.0,75
2018,OTB,Trust Fund to Support the launch and operationalization of the Technology Bank for LDCs,3.28,3930166.0,236
2018,OUN,Technical Cooperation Trust Fund for One UN projects implemented by UNCTAD,3.29,3930166.0,239
2018,PDF,Trust Fund for United Nations Peace and Development,3.30,3930166.0,242
2018,PGA,Trust Fund for Population and Development,3.31,3930166.0,245
2018,PIL,Trust Fund for the Office of Legal Affairs to Support the Promotion of International Law,2.7,3930166.0,142
2018,PSL,Trust Fund in Support of Peace and Security in Libya,1.26,3930166.0,78
2018,PSM,Trust Fund in Support of Peace and Security in Mali,1.27,3930166.0,81
2018,PSO,Trust Fund for the Peacebuilding Support Office,1.28,3930166.0,84
2018,PYA,Trust Fund for Preventive Action,1.29,3930166.0,87
2018,QGA,United Nations Fund for International Partnership (UNFIP),7.1,3930166.0,410
2018,QGB,Trust Fund for Partnerships,7.2,3930166.0,413
2018,QOA,United Nations Trust Fund for Enhancing Professional Capacity in Internal Oversight Functions,6.13,3930166.0,382
2018,RIA,United Nations Research Institute for Social Development,3.32,3930166.0,248
2018,RMB,Trust Fund to Support the Activities of the International Residual Mechanism for Criminal Tribunals,2.8,3930166.0,145
2018,ROD,Trust Fund in Support of the United Nations Register of Damage,1.30,3930166.0,90
2018,SAU,Trust Fund in Support of the African Union Mission to Somalia (AMISOM),1.31,3930166.0,93
2018,SBA,Trust Fund in Support of the Programme on the Peaceful Uses of Outer Space,1.32,3930166.0,96
2018,SDP,Trust Fund for Sports for Development and Peace,6.14,3930166.0,385
2018,SHA,United Nations Trust Fund on Contemporary Forms of Slavery,4.13,3930166.0,323
2018,SIM,Trust Fund in Support of the International Impartial and Independent Mechanism,4.14,3930166.0,326
2018,SNA,Trust Fund to promote information to United Nations staff about the work of the Organization (formerly Secretariat News Trust Fund),6.15,3930166.0,387
2018,SOP,Trust Fund for Peacebuilding in Somalia,1.33,3930166.0,99
2018,STS,Trust Fund in Support of the Somali Transitional Security Institutions,1.34,3930166.0,101
2018,SVB,Trust Fund in Support of Victims of Sexual Exploitaion and Abuse,1.35,3930166.0,103
2018,SVC,Trust Fund in Support of the Office of the Special Representative of the Secretary-General on Sexual Violence in Conflict,1.36,3930166.0,106
2018,SVD,Trust Fund in Support of the Special Representative of the Secretary-General on Violence against Children,1.37,3930166.0,109
2018,SWE,Trust Fund for Support of Joint Inspection Unit (JIU) Activities,3.33,3930166.0,251
2018,SZA,Trust Fund in Support of Political Affairs,1.38,3930166.0,112
2018,TJA,Trust Fund to Assist States in the Judicial Settlement of Disputes through the International Court of Justice,2.9,3930166.0,148
2018,TLA,"Trust Fund for the United Nations Programme of Assistance in the Teaching, Study, Dissemination and Wider Appreciation of International Law",2.10,3930166.0,151
2018,TTA,United Nations Commission on International Trade Law Symposia,2.11,3930166.0,154
2018,TXB,Trust Fund for UNCTAD Technical Cooperation Projects,3.34,3930166.0,253
2018,UDF,United Nations Democracy Trust Fund,1.39,3930166.0,116
2018,UGA,Trust Fund for Security of Staff Members of the United Nations System,6.16,3930166.0,390
2018,UIC,Trust Fund for the United Nations Operation in Cote d'Ivoire,1.40,3930166.0,119
2018,UNN,Trust Fund for UNON Extrabudgetary,6.17,3930166.0,393
2018,UPR,Voluntary Fund for Financial and Technical Assistance for the Implementation of the Universal Periodic Review,4.15,3930166.0,329
2018,VPU,Voluntary Fund for Participation in the Universal Periodic Review,4.16,3930166.0,332
2018,VTA,Voluntary Technical Assistance Trust Fund to Support the Paticipation of Least Developed Countries & Small Island Developing States in the work of the Human Rights Council,4.17,3930166.0,335
2018,WAA,Trust Fund for Aging,3.35,3930166.0,260
2018,WKA,Trust Fund to Support the work of the High-level Political Forum on Sustainable Development,3.36,3930166.0,263
2018,WOA,Trust Fund for the Follow-up to the World Summit for Social Development,3.37,3930166.0,267
2018,WVZ,ESCWA - Technical Cooperation Trust Fund,3.38,3930166.0,269
2018,XES,Trust Fund for Department of Economic and Social Affairs Capacity Development Programme,3.39,3930166.0,272
2018,YFA,Trust Fund for Assistance in the Training of United Nations Staff in the French Language,6.18,3930166.0,396
2018,YJA,Trust Fund for Alliance of Civilizations,3.40,3930166.0,276
2018,YRA,Trust Fund for Will and Gift to the UN,6.19,3930166.0,398
2019,ACM,Trust Fund in Support of General Assembly and Conference Management Activities,6.1,3875594.0,351
2019,AHA,Voluntary Fund for Advisory Services and Technical Assistance in the Field of Human Rights,4.1,3875594.0,290
2019,AMR,Trust Fund for the Annual Ministerial Review and the Development Cooperation Forum,3.1,3875594.0,170
2019,ANC,Trust Fund for the Promotion of Social and Economic Development in Afghanistan,1.1,3875594.0,12
2019,BKT,ESCAP - Technical Cooperation Project Trust Funds - Local,3.2,3875594.0,173
2019,BTF,General Trust Fund for ESCAP Regional Activities,3.3,3875594.0,176
2019,BTS,ECLAC Santiago - Technical Cooperation Project Trust Funds,3.4,3875594.0,179
2019,CAF,Trust Fund in Support of Peace and Security in the Central African Republic,1.2,3875594.0,14
2019,CCR,Trust Fund to Support the Coordination and Coherence of the Rule of Law Activities of the United Nations System,2.1,3875594.0,139
2019,CCS,Trust Fund for Climate Change Support,6.2,3875594.0,354
2019,CER,Central Emergency Response Fund,4.2,3875594.0,293
2019,CFE,Trust Fund for ECA Construction,6.21,3875594.0,405
2019,CHA,United Nations Voluntary Fund for Victims of Torture,4.3,3875594.0,297
2019,CIA,Trust Fund for a Human Rights Education Programme in Cambodia,4.4,3875594.0,300
2019,CIB,Trust Fund in Support of the Construction and Renovation of the United Nations Compound in Baghdad,1.3,3875594.0,17
2019,CLA,Trust Fund for Legal Affairs and Related Issues,2.2,3875594.0,142
2019,CLO,Trust Funds converted from IMIS to be closed,6.3,3875594.0,357
2019,CLR,Trust Fund Central Emergency Response Fund Loan Component,4.5,3875594.0,303
2019,CNM,Trust Fund in Support of the Cameroon-Nigeria Border Demarcation,1.43,3875594.0,124
2019,COC,Trust Fund to Support Management and Reform Activities,6.4,3875594.0,360
2019,CPK,Trust Fund for Peacekeeping Support Activities,1.4,3875594.0,19
2019,CSA,Trust Fund for Case Studies on the Functioning of the Operational Activities for Development of the United Nations System,3.5,3875594.0,183
2019,CTD,Trust Fund for the Counter-Terrorism Committee Executive Directorate,1.5,3875594.0,22
2019,CTI,Trust Fund for Counter-Terrorism,1.6,3875594.0,25
2019,DAA,United Nations Regional Centre for Peace and Disarmament in Africa,1.8,3875594.0,28
2019,DBA,"Trust Fund for the United Nations Regional Centre for Peace, Disarmament and Development in Latin America",1.9,3875594.0,31
2019,DDN,Trust Fund for the Strengthening of the Office of the Emergency Relief Coordinator,4.6,3875594.0,305
2019,DFA,Trust Fund for the United Nations Regional Centre for Peace and Disarmament in Asia,1.10,3875594.0,34
2019,DGA,Trust Fund for Global and Regional Disarmament Activities,1.11,3875594.0,37
2019,DGT,Sub-account for Supporting the Implementation of the Arms Trade Treaty and Programme of Action,1.12,3875594.0,40
2019,DJA,Trust Fund for the Establishment of a Joint Investigative Mechanism (gfj) pursuant to rkp`o OOPR (OMNR),1.13,3875594.0,43
2019,DLA,Sasakawa - UNDRO Disaster Prevention Award Endowment Fund,4.7,3875594.0,309
2019,DRA,United Nations Institute for Disarmament Research,1.14,3875594.0,46
2019,DSA,Special Purpose Trust Fund for the Reinvigorated Resident Coordinator (RC) System,6.22,3875594.0,407
2019,DUN,Trust Fund for Digital Agenda,6.20,3875594.0,402
2019,DVA,Trust Fund for Development Planning and Projections,3.6,3875594.0,185
2019,DWA,Trust Fund for the United Nations Disarmament Info Programme,1.46,3875594.0,130
2019,DXA,Trust Fund for Disaster Reduction,4.8,3875594.0,311
2019,EAA,"United Nations Electronic Data Interchange for Administration, Commerce and Transport",3.7,3875594.0,187
2019,ECE,ECE Local Technical Co-operation Trust Funds,3.8,3875594.0,189
2019,EER,Trust Fund in Support of the UN Coordinated Response to the Ebola Crisis,1.15,3875594.0,49
2019,EHA,UN/ECE Trust Fund on Human Settlements,3.9,3875594.0,193
2019,EIA,"Trust Fund for Environmental Performance Reviews and the ""Environment for Europe""",3.10,3875594.0,196
2019,ERA,Development Forum Trust Fund,5.1,3875594.0,343
2019,ESA,Trust Fund for Economic and Social Information,5.2,3875594.0,345
2019,FII,Trust Fund on Indigenous Issues,3.11,3875594.0,199
2019,FYA,United Nations Trust Fund on Family Activities,3.12,3875594.0,202
2019,GAC,Trust Fund in Support of the Office of the President of the General Assembly,6.5,3875594.0,363
2019,GBA,Trust Fund for Statistical Development and Capacity Building,3.13,3875594.0,204
2019,GCU,United Nations Trust Fund for Government Contributions to UNICS,5.3,3875594.0,348
2019,GIV,Trust Fund to Support Global Impact and Vulnerability Alert System,6.6,3875594.0,366
2019,GKA,Global Compact Trust Fund,3.14,3875594.0,207
2019,GLA,Trust Fund in Support of the Office of the Special Envoy of the Secretary-General for the Great Lakes Region,1.16,3875594.0,51
2019,GNA,Trust Fund for the International Tribunal for the Prosecution of Persons Responsible for Genocide and Other Serious Violations of International Humanitarian Law Committed in the Territory of Rwanda,2.3,3875594.0,145
2019,GTA,Trust Fund for German Language Translation,6.7,3875594.0,369
2019,GYA,Trust Fund for United Nations Integrated Peace Building Office in Guinea Bissau (UNIOGBIS),1.17,3875594.0,53
2019,HBP,Trust Fund for the Implementation of HLCM Plan of Action for the Harmonization of Business Practices in the United Nations system,6.8,3875594.0,372
2019,HCA,Trust Fund for the Support to the Activities of the Centre for Human Rights,4.9,3875594.0,314
2019,HDM,ECA as Executing Agency for Miscellaneous Technical Co-operation Funds,3.15,3875594.0,210
2019,HIA,Trust Fund to Support Activities for the Follow-up to the International Conference on Financing for Development,3.16,3875594.0,214
2019,HKA,Trust Fund in Support of the Political Transition in Haiti,1.18,3875594.0,56
2019,HYA,Trust Fund for Human Security,4.10,3875594.0,319
2019,IDA,United Nations Voluntary Fund on Disability,3.17,3875594.0,217
2019,IDP,African Institute for Economic Development and Planning,3.41,3875594.0,286
2019,IEA,United Nations Youth Fund,3.18,3875594.0,220
2019,IHA,United Nations Voluntary Fund for Indigenous Populations,4.11,3875594.0,322
2019,IIT,Trust Fund in Support of the Implementation of the rkp`o OPTV (OMNT),1.42,3875594.0,121
2019,IOA,Voluntary Trust Fund to Support the Activities of the International Tribunal Established by Security Council Resolution UOT (NVVP),2.4,3875594.0,148
2019,JMS,Trust Fund for the AU-UN Joint Mediation Support Team (JMST) for Darfur,1.19,3875594.0,59
2019,JPO,Trust Fund for Junior Professional Officer Programme Administered by Department of Economic and Social Affairs,3.20,3875594.0,223
2019,JTA,Trust Fund for the Millennium Assembly and the Millennium Summit of the United Nations,6.9,3875594.0,375
2019,KDB,"Trust Fund to Support the Implementation of Community-based Assistance Projects of the Roma, Ashkali and Egyptian Communities in Kosovo",1.41,3875594.0,118
2019,KJA,Trust Fund to Assist Members of the Commission on the Limits of the Continental Shelf from Developing States to Participate in its Meetings,2.5,3875594.0,151
2019,KRT,UNAKRT - UN Assistance for the Khmer Rouge Trials,3.21,3875594.0,226
2019,KSA,Trust Fund in Support of the United Nations Forum on Forests,3.22,3875594.0,229
2019,KUA,Trust Fund to Assist Developing States in the Preparation of Submissions to the Commission on the Limits of the Continental Shelf,2.6,3875594.0,154
2019,LAC,ECLAC - Miscellaneous Project Accounts,3.23,3875594.0,232
2019,LEA,Library Endowment Fund,6.10,3875594.0,377
2019,LJA,Trust Fund for Special Projects of the Secretary-General,6.11,3875594.0,379
2019,LLA,Trust Fund in Support of the Department of Peacekeeping Operations,1.20,3875594.0,61
2019,LLB,Trust Fund in Support of the Department of Operational Support,1.44,3875594.0,127
2019,LLS,"Trust Fund in Support of Activities Undertaken by the Office of the High Representative for the Least Developed Countries, Landlocked Developing Countries and Small Island Developing States (OHRLLS)",3.24,3875594.0,235
2019,LPD,Trust Fund to Support Lasting Peace in Darfur,1.21,3875594.0,64
2019,LRA,Trust Fund for the Financing of the Implementation of the Convention on Long-Range Transboundary Air Pollution,3.25,3875594.0,238
2019,LSS,Trust Fund for UNOG Local Support Services,6.12,3875594.0,382
2019,LTA,Trust Fund for the ECE Study on Long-Term European Timber Trends and Prospects,3.26,3875594.0,241
2019,MIS,Trust Fund in Support of the African-led International Support Mission in the Central African Republic (MISCA),1.22,3875594.0,66
2019,MNA,Voluntary Trust Fund for Assistance in Mine Action,4.12,3875594.0,325
2019,MSM,Trust Fund in Support of the African-led International Support Mission in Mali,1.23,3875594.0,68
2019,NAA,Trust Fund for the Support of Activities of OSAA to the New Partnership for Africa's Development (NEPAD) and Tokyo International Conference on African Development (TICAD) Process,3.27,3875594.0,244
2019,NGA,Trust Fund to Support Peace Process in the Democratic Republic of Congo,1.24,3875594.0,70
2019,NNA,Trust Fund for Children and Armed Conflict,1.25,3875594.0,72
2019,OTB,Trust Fund to Support the Launch and Operationalization of the Technology Bank for LDCs,3.28,3875594.0,246
2019,OUN,Technical Cooperation Trust Fund for One UN Projects Implemented by UNCTAD,3.29,3875594.0,249
2019,PDF,Trust Fund for United Nations Peace and Development,3.30,3875594.0,252
2019,PGA,Trust Fund for Population and Development,3.31,3875594.0,255
2019,PIA,Trust fund for Public Awareness on Disarmament Affair,1.47,3875594.0,133
2019,PIL,Trust Fund for the Office of Legal Affairs to Support the Promotion of International Law,2.7,3875594.0,156
2019,PSL,Trust Fund in Support of Peace and Security in Libya,1.26,3875594.0,75
2019,PSM,Trust Fund in Support of Peace and Security in Mali,1.27,3875594.0,77
2019,PSO,Trust Fund for the Peacebuilding Support Office,1.28,3875594.0,80
2019,PYA,Trust Fund for Preventive Action,1.29,3875594.0,83
2019,QGA,United Nations Fund for International Partnership (UNFIP),7.1,3875594.0,412
2019,QGB,Trust Fund for Partnerships,7.2,3875594.0,415
2019,QOA,United Nations Trust Fund for Enhancing Professional Capacity in Internal Oversight Functions,6.13,3875594.0,385
2019,RIA,United Nations Research Institute for Social Development,3.32,3875594.0,258
2019,RMB,Trust Fund to Support the Activities of the International Residual Mechanism for Criminal Tribunals,2.8,3875594.0,159
2019,ROD,Trust Fund in Support of the United Nations Register of Damage,1.30,3875594.0,86
2019,RSS,Trust Fund for the United Nations Mission in South Sudan,1.48,3875594.0,136
2019,SAU,Trust Fund in Support of the African Union Mission to Somalia (AMISOM),1.31,3875594.0,89
2019,SBA,Trust Fund in Support of United Nations Programme on Peaceful Uses of Outer Space,1.32,3875594.0,92
2019,SDP,Trust Fund for Sports for Development and Peace,6.14,3875594.0,388
2019,SHA,United Nations Trust Fund on Contemporary Forms of Slavery,4.13,3875594.0,328
2019,SIM,Trust Fund in Support of the International Impartial and Independent Mechanism,4.14,3875594.0,331
2019,SNA,Trust Fund to promote information to United Nations staff about the work of the Organization (formerly Secretariat News Trust Fund),6.15,3875594.0,390
2019,SOP,Trust Fund for Peacebuilding in Somalia,1.33,3875594.0,95
2019,STS,Trust Fund in Support of the Somali Transitional Security Institutions,1.34,3875594.0,98
2019,SVB,Trust Fund in Support of Victims of Sexual Exploitaion and Abuse,1.35,3875594.0,101
2019,SVC,Trust Fund in Support of the Office of the Special Representative of the Secretary-General on Sexual Violence in Conflict,1.36,3875594.0,104
2019,SVD,Trust Fund in Support of the Special Representative of the Secretary-General on Violence against Children,1.37,3875594.0,107
2019,SWE,Trust Fund for Support of Joint Inspection Unit (JIU) Activities,3.33,3875594.0,261
2019,SZA,Trust Fund in Support of Political Affairs,1.38,3875594.0,110
2019,TJA,Trust Fund to Assist States in the Judicial Settlement of Disputes through the International Court of Justice,2.9,3875594.0,162
2019,TLA,"Trust Fund for the United Nations Programme of Assistance in the Teaching, Study, Dissemination and Wider Appreciation of International Law",2.10,3875594.0,164
2019,TTA,United Nations Commission on International Trade Law Symposia,2.11,3875594.0,167
2019,TXB,Trust Fund for UNCTAD Technical Cooperation Projects,3.34,3875594.0,263
2019,UDF,United Nations Democracy Trust Fund,1.39,3875594.0,113
2019,UGA,Trust Fund for Security of Staff Members of the United Nations System,6.16,3875594.0,392
2019,UIC,Trust Fund for the United Nations Operation in Cote d'Ivoire,1.40,3875594.0,116
2019,UNN,Trust Fund for UNON Extrabudgetary,6.17,3875594.0,394
2019,UPR,Voluntary Fund for Financial and Technical Assistance for the Implementation of the Universal Periodic Review,4.15,3875594.0,334
2019,VPU,Voluntary Fund for Participation in the Universal Periodic Review,4.16,3875594.0,337
2019,VTA,Voluntary Technical Assistance Trust Fund to Support the Paticipation of Least Developed Countries and Small Island Developing States in the work of the Human Rights Council,4.17,3875594.0,340
2019,WAA,Trust Fund for Aging,3.35,3875594.0,268
2019,WKA,Trust Fund to Support the Work of the High-level Political Forum on Sustainable Development,3.36,3875594.0,271
2019,WOA,Trust Fund for the Follow-up to the World Summit for Social Development,3.37,3875594.0,274
2019,WVZ,ESCWA - Technical Cooperation Trust Fund,3.38,3875594.0,276
2019,XES,Trust Fund for Department of Economic and Social Affairs Capacity Development Programme,3.39,3875594.0,279
2019,YFA,Trust Fund for Assistance in the Training of United Nations Staff in the French Language,6.18,3875594.0,397
2019,YJA,Trust Fund for Alliance of Civilizations,3.40,3875594.0,283
2019,YRA,Trust Fund for Will and Gift to the UN,6.19,3875594.0,399
2020,ACM,Trust Fund in Support of General Assembly and Conference Management Activities,6.1,,360
2020,AHA,Voluntary Fund for Advisory Services and Technical Assistance in the Field of Human Rights,4.1,,303
2020,AMR,Trust Fund for the Annual Ministerial Review and the Development Cooperation Forum,3.1,,185
2020,ANC,Trust Fund for the Promotion of Social and Economic Development in Afghanistan,1.1,,12
2020,BKT,ESCAP - Technical Cooperation Project Trust Funds - Local,3.2,,188
2020,BTF,General Trust Fund for ESCAP Regional Activities,3.3,,191
2020,BTS,ECLAC Santiago - Technical Cooperation Project Trust Funds,3.4,,194
2020,CAF,Trust Fund in Support of Peace and Security in the Central African Republic,1.2,,14
2020,CCR,Trust Fund to Support the Coordination and Coherence of the Rule of Law Activities of the United Nations System,2.1,,152
2020,CCS,Trust Fund for Climate Change Support,6.2,,363
2020,CER,Central Emergency Response Fund,4.2,,306
2020,CFE,Trust Fund for ECA Construction,6.21,,418
2020,CHA,United Nations Voluntary Fund for Victims of Torture,4.3,,310
2020,CIA,Trust Fund for a Human Rights Education Programme in Cambodia,4.4,,313
2020,CIB,Trust Fund in Support of the Construction and Renovation of the United Nations Compound in Baghdad,1.3,,17
2020,CLA,Trust Fund for Legal Affairs and Related Issues,2.2,,155
2020,CLO,Trust Funds converted from IMIS to be closed,6.3,,366
2020,CLR,Trust Fund Central Emergency Response Fund Loan Component,4.5,,316
2020,CNM,Trust Fund in Support of the Cameroon-Nigeria Border Demarcation,1.43,,129
2020,COC,Trust Fund to Support Management and Reform Activities,6.4,,369
2020,CPK,Trust Fund for Peacekeeping Support Activities,1.4,,19
2020,CSA,Trust Fund for Case Studies on the Functioning of the Operational Activities for Development of the United Nations System,3.5,,198
2020,CTD,Trust Fund for the Counter-Terrorism Committee Executive Directorate,1.5,,21
2020,CTI,Trust Fund for Counter-Terrorism,1.6,,24
2020,CYP,Trust Fund to Support Peace and Security in Cyprus,1.7,,27
2020,DAA,United Nations Regional Centre for Peace and Disarmament in Africa,1.8,,30
2020,DBA,"Trust Fund for the United Nations Regional Centre for Peace, Disarmament and Development in Latin America",1.9,,33
2020,DDN,Trust Fund for the Strengthening of the Office of the Emergency Relief Coordinator,4.6,,318
2020,DFA,Trust Fund for the United Nations Regional Centre for Peace and Disarmament in Asia,1.10,,36
2020,DGA,Trust Fund for Global and Regional Disarmament Activities,1.11,,39
2020,DGT,Sub-account for Supporting the Implementation of the Arms Trade Treaty and Programme of Action,1.12,,42
2020,DJA,Trust Fund for the Establishment of a Joint Investigative Mechanism (gfj) pursuant to rkp`o OOPR (OMNR),1.13,,45
2020,DLA,Sasakawa - UNDRO Disaster Prevention Award Endowment Fund,4.7,,322
2020,DRA,United Nations Institute for Disarmament Research,1.14,,48
2020,DSA,Special Purpose Trust Fund for the Reinvigorated Resident Coordinator (RC) System,6.22,,420
2020,DUN,Trust Fund for Digital Agenda,6.20,,415
2020,DWA,Trust Fund for the United Nations Disarmament Info Programme,1.46,,138
2020,DXA,Trust Fund for Disaster Reduction,4.8,,324
2020,EAA,"United Nations Electronic Data Interchange for Administration, Commerce and Transport",3.7,,201
2020,ECE,ECE Local Technical Co-operation Trust Funds,3.8,,204
2020,EER,Trust Fund in Support of the UN Coordinated Response to the Ebola Crisis,1.15,,51
2020,EHA,UN/ECE Trust Fund on Human Settlements,3.9,,208
2020,EIA,"Trust Fund for Environmental Performance Reviews and the ""Environment for Europe""",3.10,,211
2020,ERA,Development Forum Trust Fund,5.1,,352
2020,ESA,Trust Fund for Economic and Social Information,5.2,,354
2020,FII,Trust Fund on Indigenous Issues,3.11,,214
2020,FYA,United Nations Trust Fund on Family Activities,3.12,,217
2020,GAC,Trust Fund in Support of the Office of the President of the General Assembly,6.5,,372
2020,GBA,Trust Fund for Statistical Development and Capacity Building,3.13,,219
2020,GCU,United Nations Trust Fund for Government Contributions to UNICS,5.3,,357
2020,GIV,Trust Fund to Support Global Impact and Vulnerability Alert System,6.6,,375
2020,GKA,Global Compact Trust Fund,3.14,,222
2020,GLA,Trust Fund in Support of the Office of the Special Envoy of the Secretary-General for the Great Lakes Region,1.16,,53
2020,GNA,Trust Fund for the International Tribunal for the Prosecution of Persons Responsible for Genocide and Other Serious Violations of International Humanitarian Law Committed in the Territory of Rwanda,2.3,,158
2020,GTA,Trust Fund for German Language Translation,6.7,,378
2020,GYA,Trust Fund for United Nations Integrated Peace Building Office in Guinea Bissau (UNIOGBIS),1.17,,56
2020,HBP,Trust Fund for the Implementation of HLCM Plan of Action for the Harmonization of Business Practices in the United Nations system,6.8,,381
2020,HCA,Trust Fund for the Support to the Activities of the Centre for Human Rights,4.9,,327
2020,HCB,Host Country Agreements - rken (Volume 1),6.23,,425
2020,HDM,ECA as Executing Agency for Miscellaneous Technical Co-operation Funds,3.15,,225
2020,HIA,Trust Fund to Support Activities for the Follow-up to the International Conference on Financing for Development,3.16,,228
2020,HKA,Trust Fund in Support of the Political Transition in Haiti,1.18,,59
2020,HYA,Trust Fund for Human Security,4.10,,332
2020,IDA,United Nations Voluntary Fund on Disability,3.17,,231
2020,IDP,African Institute for Economic Development and Planning,3.41,,299
2020,IEA,United Nations Youth Fund,3.18,,234
2020,IHA,United Nations Voluntary Fund for Indigenous Populations,4.11,,335
2020,IIT,Trust Fund in Support of the Implementation of the rkp`o OPTV (OMNT),1.42,,126
2020,IOA,Voluntary Trust Fund to Support the Activities of the International Tribunal Established by Security Council Resolution UOT (NVVP),2.4,,160
2020,JMS,Trust Fund for the AU-UN Joint Mediation Support Team (JMST) for Darfur,1.19,,61
2020,JPO,Trust Fund for Junior Professional Officer Programme Administered by Department of Economic and Social Affairs,3.20,,236
2020,JTA,Trust Fund for the Millennium Assembly and the Millennium Summit of the United Nations,6.9,,384
2020,KDB,"Trust Fund to Support the Implementation of Community-based Assistance Projects of the Roma, Ashkali and Egyptian Communities in Kosovo",1.41,,124
2020,KJA,Trust Fund to Assist Members of the Commission on the Limits of the Continental Shelf from Developing States to Participate in its Meetings,2.5,,163
2020,KRT,UNAKRT - UN Assistance for the Khmer Rouge Trials,3.21,,239
2020,KSA,Trust Fund in Support of the United Nations Forum on Forests,3.22,,242
2020,KUA,Trust Fund to Assist Developing States in the Preparation of Submissions to the Commission on the Limits of the Continental Shelf,2.6,,166
2020,LAC,ECLAC - Miscellaneous Project Accounts,3.23,,245
2020,LEA,Library Endowment Fund,6.10,,387
2020,LJA,Trust Fund for Special Projects of the Secretary-General,6.11,,389
2020,LLA,Trust Fund in Support of the Department of Peacekeeping Operations,1.20,,64
2020,LLB,Trust Fund in Support of the Department of Operational Support,1.44,,132
2020,LLS,"Trust Fund in Support of Activities Undertaken by the Office of the High Representative for the Least Developed Countries, Landlocked Developing Countries and Small Island Developing States (OHRLLS)",3.24,,248
2020,LPD,Trust Fund to Support Lasting Peace in Darfur,1.21,,67
2020,LRA,Trust Fund for the Financing of the Implementation of the Convention on Long-Range Transboundary Air Pollution,3.25,,251
2020,LSS,Trust Fund for UNOG Local Support Services,6.12,,392
2020,LTA,Trust Fund for the ECE Study on Long-Term European Timber Trends and Prospects,3.26,,254
2020,MIS,Trust Fund in Support of the African-led International Support Mission in the Central African Republic (MISCA),1.22,,70
2020,MNA,Voluntary Trust Fund for Assistance in Mine Action,4.12,,338
2020,MSM,Trust Fund in Support of the African-led International Support Mission in Mali,1.23,,72
2020,MYM,Trust Fund in Support of Executing the Mandate of the Special Envoy of Secretary-General on Myanmar (SESG- Myanmar),1.50,,149
2020,NAA,Trust Fund for the Support of Activities of OSAA to the New Partnership for Africa's Development (NEPAD) and Tokyo International Conference on African Development (TICAD) Process,3.27,,257
2020,NGA,Trust Fund to Support Peace Process in the Democratic Republic of Congo,1.24,,74
2020,NNA,Trust Fund for Children and Armed Conflict,1.25,,77
2020,OAU,"Trust Fund to Support the rkl^r Pursuant to Security Councils OOPM (OMNS), OPTU (OMNT) and OQRT (OMNV)",1.45,,135
2020,OTB,Trust Fund to Support the Launch and Operationalization of the Technology Bank for LDCs,3.28,,260
2020,OUN,Technical Cooperation Trust Fund for One UN Projects Implemented by UNCTAD,3.29,,263
2020,PDF,Trust Fund for United Nations Peace and Development,3.30,,266
2020,PGA,Trust Fund for Population and Development,3.31,,269
2020,PIA,Trust fund for Public Awareness on Disarmament Affair,1.47,,141
2020,PIL,Trust Fund for the Office of Legal Affairs to Support the Promotion of International Law,2.7,,168
2020,PSL,Trust Fund in Support of Peace and Security in Libya,1.26,,80
2020,PSM,Trust Fund in Support of Peace and Security in Mali,1.27,,83
2020,PSO,Trust Fund for the Peacebuilding Support Office,1.28,,86
2020,PYA,Trust Fund for Preventive Action,1.29,,89
2020,QGA,United Nations Fund for International Partnership (UNFIP),7.1,,428
2020,QGB,Trust Fund for Partnerships,7.2,,431
2020,QOA,United Nations Trust Fund for Enhancing Professional Capacity in Internal Oversight Functions,6.13,,395
2020,RIA,United Nations Research Institute for Social Development,3.32,,271
2020,RMB,Trust Fund to Support the Activities of the International Residual Mechanism for Criminal Tribunals,2.8,,171
2020,ROD,Trust Fund in Support of the United Nations Register of Damage,1.30,,92
2020,RSS,Trust Fund for the United Nations Mission in South Sudan,1.48,,143
2020,SAU,Trust Fund in Support of the African Union Mission to Somalia (AMISOM),1.31,,95
2020,SBA,Trust Fund in Support of United Nations Programme on Peaceful Uses of Outer Space,1.32,,98
2020,SCC,Trust Fund to support the Syrian Constitutional Committee,1.49,,146
2020,SDP,Trust Fund for Sports for Development and Peace,6.14,,398
2020,SHA,United Nations Trust Fund on Contemporary Forms of Slavery,4.13,,341
2020,SIM,Trust Fund in Support of the International Impartial and Independent Mechanism,2.12,,182
2020,SNA,Trust Fund to promote information to United Nations staff about the work of the Organization (formerly Secretariat News Trust Fund),6.15,,401
2020,SOP,Trust Fund for Peacebuilding in Somalia,1.33,,101
2020,STS,Trust Fund in Support of the Somali Transitional Security Institutions,1.34,,104
2020,SVB,Trust Fund in Support of Victims of Sexual Exploitaion and Abuse,1.35,,107
2020,SVC,Trust Fund in Support of the Office of the Special Representative of the Secretary-General on Sexual Violence in Conflict,1.36,,110
2020,SVD,Trust Fund in Support of the Special Representative of the Secretary-General on Violence against Children,1.37,,113
2020,SWE,Trust Fund for Support of Joint Inspection Unit (JIU) Activities,3.33,,274
2020,SZA,Trust Fund in Support of Political Affairs,1.38,,116
2020,TJA,Trust Fund to Assist States in the Judicial Settlement of Disputes through the International Court of Justice,2.9,,174
2020,TLA,"Trust Fund for the United Nations Programme of Assistance in the Teaching, Study, Dissemination and Wider Appreciation of International Law",2.10,,176
2020,TTA,United Nations Commission on International Trade Law Symposia,2.11,,179
2020,TXB,Trust Fund for UNCTAD Technical Cooperation Projects,3.34,,276
2020,UDF,United Nations Democracy Trust Fund,1.39,,119
2020,UGA,Trust Fund for Security of Staff Members of the United Nations System,6.16,,403
2020,UIC,Trust Fund for the United Nations Operation in Cote d'Ivoire,1.40,,122
2020,UNN,Trust Fund for UNON Extrabudgetary,6.17,,406
2020,UPR,Voluntary Fund for Financial and Technical Assistance for the Implementation of the Universal Periodic Review,4.15,,344
2020,VPU,Voluntary Fund for Participation in the Universal Periodic Review,4.16,,347
2020,VTA,Voluntary Technical Assistance Trust Fund to Support the Paticipation of Least Developed Countries and Small Island Developing States in the work of the Human Rights Council,4.17,,349
2020,WAA,Trust Fund for Aging,3.35,,281
2020,WKA,Trust Fund to Support the Work of the High-level Political Forum on Sustainable Development,3.36,,283
2020,WOA,Trust Fund for the Follow-up to the World Summit for Social Development,3.37,,286
2020,WVZ,ESCWA - Technical Cooperation Trust Fund,3.38,,289
2020,XES,Trust Fund for Department of Economic and Social Affairs Capacity Development Programme,3.39,,292
2020,YFA,Trust Fund for Assistance in the Training of United Nations Staff in the French Language,6.18,,409
2020,YJA,Trust Fund for Alliance of Civilizations,3.40,,296
2020,YRA,Trust Fund for Will and Gift to the UN,6.19,,412
2021,ACM,Trust Fund in Support of General Assembly and Conference Management Activities,6.1,3984139.0,343
2021,AHA,Voluntary Fund for Advisory Services and Technical Assistance in the Field of Human Rights,4.1,3984139.0,285
2021,AMR,Trust Fund for the Annual Ministerial Review and the Development Cooperation Forum,3.1,3984139.0,177
2021,ANC,Trust Fund for the Promotion of Social and Economic Development in Afghanistan,1.1,3984139.0,12
2021,BKT,ESCAP - Technical Cooperation Project Trust Funds - Local,3.2,3984139.0,180
2021,BTF,General Trust Fund for ESCAP Regional Activities,3.3,3984139.0,183
2021,BTS,ECLAC Santiago - Technical Cooperation Project Trust Funds,3.4,3984139.0,186
2021,CAF,Trust Fund in Support of Peace and Security in the Central African Republic,1.2,3984139.0,14
2021,CCR,Trust Fund to Support the Coordination and Coherence of the Rule of Law Activities of the United Nations System,2.1,3984139.0,143
2021,CCS,Trust Fund for Climate Change Support,6.2,3984139.0,346
2021,CER,Central Emergency Response Fund,4.2,3984139.0,288
2021,CFE,Trust Fund for ECA Construction,6.21,3984139.0,391
2021,CHA,United Nations Voluntary Fund for Victims of Torture,4.3,3984139.0,292
2021,CIA,Trust Fund for a Human Rights Education Programme in Cambodia,4.4,3984139.0,295
2021,CIB,Trust Fund in Support of the Construction and Renovation of the United Nations Compound in Baghdad,1.3,3984139.0,17
2021,CLA,Trust Fund for Legal Affairs and Related Issues,2.2,3984139.0,146
2021,CLO,Trust Funds converted from IMIS to be closed,6.3,3984139.0,349
2021,CLR,Trust Fund Central Emergency Response Fund Loan Component,4.5,3984139.0,298
2021,CNM,Trust Fund in Support of the Cameroon-Nigeria Border Demarcation,1.43,3984139.0,119
2021,COC,Trust Fund to Support Management and Reform Activities,6.4,3984139.0,352
2021,CPK,Trust Fund for Peacekeeping Support Activities,1.4,3984139.0,19
2021,CSA,Trust Fund for Case Studies on the Functioning of the Operational Activities for Development of the United Nations System,3.5,3984139.0,189
2021,CTD,Trust Fund for the Counter-Terrorism Committee Executive Directorate,1.5,3984139.0,22
2021,CTI,Trust Fund for Counter-Terrorism,1.6,3984139.0,25
2021,CYP,Trust Fund to Support Peace and Security in Cyprus,1.7,3984139.0,28
2021,DAA,United Nations Regional Centre for Peace and Disarmament in Africa,1.8,3984139.0,30
2021,DBA,"Trust Fund for the United Nations Regional Centre for Peace, Disarmament and Development in Latin America",1.9,3984139.0,33
2021,DDN,Trust Fund for the Strengthening of the Office of the Emergency Relief Coordinator,4.6,3984139.0,300
2021,DFA,Trust Fund for the United Nations Regional Centre for Peace and Disarmament in Asia,1.10,3984139.0,36
2021,DGA,Trust Fund for Global and Regional Disarmament Activities,1.11,3984139.0,39
2021,DGT,Sub-account for Supporting the Implementation of the Arms Trade Treaty and Programme of Action,1.12,3984139.0,42
2021,DJA,Trust Fund for the Establishment of a Joint Investigative Mechanism (gfj) pursuant to rkp`o OOPR (OMNR),1.13,3984139.0,45
2021,DLA,Sasakawa - UNDRO Disaster Prevention Award Endowment Fund,4.7,3984139.0,304
2021,DRA,United Nations Institute for Disarmament Research,1.14,3984139.0,47
2021,DSA,Special Purpose Trust Fund for the Reinvigorated Resident Coordinator (RC) System,6.22,3984139.0,393
2021,DUN,Trust Fund for Digital Agenda,6.20,3984139.0,389
2021,DWA,Trust Fund for the United Nations Disarmament Info Programme,1.46,3984139.0,129
2021,DXA,Trust Fund for Disaster Reduction,4.8,3984139.0,306
2021,ECE,ECE Local Technical Co-operation Trust Funds,3.8,3984139.0,192
2021,ERA,Development Forum Trust Fund,5.1,3984139.0,335
2021,ESA,Trust Fund for Economic and Social Information,5.2,3984139.0,337
2021,FII,Trust Fund on Indigenous Issues,3.11,3984139.0,196
2021,FYA,United Nations Trust Fund on Family Activities,3.12,3984139.0,199
2021,GAC,Trust Fund in Support of the Office of the President of the General Assembly,6.5,3984139.0,355
2021,GBA,Trust Fund for Statistical Development and Capacity Building,3.13,3984139.0,201
2021,GCU,United Nations Trust Fund for Government Contributions to UNICS,5.3,3984139.0,340
2021,GIV,Trust Fund to Support Global Impact and Vulnerability Alert System,6.6,3984139.0,358
2021,GKA,Global Compact Trust Fund,3.14,3984139.0,204
2021,GLA,Trust Fund in Support of the Office of the Special Envoy of the Secretary-General for the Great Lakes Region,1.16,3984139.0,50
2021,GTA,Trust Fund for German Language Translation,6.7,3984139.0,361
2021,GYA,Trust Fund for United Nations Integrated Peace Building Office in Guinea Bissau (UNIOGBIS),1.17,3984139.0,53
2021,HBP,Trust Fund for the Implementation of HLCM Plan of Action for the Harmonization of Business Practices in the United Nations System,6.8,3984139.0,364
2021,HCA,Trust Fund for the Support to the Activities of the Centre for Human Rights,4.9,3984139.0,309
2021,HCB,Host Country Agreements - rken (Volume 1),6.23,3984139.0,399
2021,HDM,ECA as Executing Agency for Miscellaneous Technical Co-operation Funds,3.15,3984139.0,207
2021,HIA,Trust Fund to Support Activities for the Follow-up to the International Conference on Financing for Development,3.16,3984139.0,210
2021,HKA,Trust Fund in Support of the Political Transition in Haiti,1.18,3984139.0,56
2021,HYA,Trust Fund for Human Security,4.10,3984139.0,313
2021,ICJ,Trust Fund for the Judicial Fellowship of the International Court of Justice,2.14,3984139.0,174
2021,IDA,United Nations Voluntary Fund on Disability,3.17,3984139.0,213
2021,IDP,African Institute for Economic Development and Planning,3.41,3984139.0,278
2021,IEA,United Nations Youth Fund,3.18,3984139.0,216
2021,IHA,United Nations Voluntary Fund for Indigenous Populations,4.11,3984139.0,316
2021,IIM,Trust Fund for the Independent Investigative Mechanism for Myanmar,2.13,3984139.0,171
2021,IIT,Trust Fund in Support of the Implementation of the rkp`o OPTV (OMNT),1.42,3984139.0,116
2021,JMS,Trust Fund for the AU-UN Joint Mediation Support Team (JMST) for Darfur,1.19,3984139.0,58
2021,JPO,Trust Fund for Junior Professional Officer Programme Administered by Department of Economic and Social Affairs,3.20,3984139.0,219
2021,JTA,Trust Fund for the Millennium Assembly and the Millennium Summit of the United Nations,6.9,3984139.0,367
2021,KDB,"Trust Fund to Support the Implementation of Community-based Assistance Projects of the Roma, Ashkali and Egyptian Communities in Kosovo",1.41,3984139.0,114
2021,KJA,Trust Fund to Assist Members of the Commission on the Limits of the Continental Shelf from Developing States to Participate in its Meetings,2.5,3984139.0,149
2021,KRT,UNAKRT - UN Assistance for the Khmer Rouge Trials,3.21,3984139.0,222
2021,KSA,Trust Fund in Support of the United Nations Forum on Forests,3.22,3984139.0,225
2021,KUA,Trust Fund to Assist Developing States in the Preparation of Submissions to the Commission on the Limits of the Continental Shelf,2.6,3984139.0,152
2021,LAC,ECLAC - Miscellaneous Project Accounts,3.23,3984139.0,228
2021,LEA,Library Endowment Fund,6.10,3984139.0,370
2021,LJA,Trust Fund for Special Projects of the Secretary-General,6.11,3984139.0,372
2021,LLA,Trust Fund in Support of the Department of Peacekeeping Operations,1.20,3984139.0,61
2021,LLB,Trust Fund in Support of the Department of Operational Support,1.44,3984139.0,122
2021,LLS,"Trust Fund in Support of Activities Undertaken by the Office of the High Representative for the Least Developed Countries, Landlocked Developing Countries and Small Island Developing States (OHRLLS)",3.24,3984139.0,231
2021,LPD,Trust Fund to Support Lasting Peace in Darfur,1.21,3984139.0,64
2021,LRA,Trust Fund for the Financing of the Implementation of the Convention on Long-Range Transboundary Air Pollution,3.25,3984139.0,234
2021,LSS,Trust Fund for UNOG Local Support Services,6.12,3984139.0,375
2021,MIS,Trust Fund in Support of the African-led International Support Mission in the Central African Republic (MISCA),1.22,3984139.0,67
2021,MNA,Voluntary Trust Fund for Assistance in Mine Action,4.12,3984139.0,319
2021,MSM,Trust Fund in Support of the African-led International Support Mission in Mali,1.23,3984139.0,69
2021,MYM,Trust Fund in Support of Executing the Mandate of the Special Envoy of Secretary-General on Myanmar (SESG- Myanmar),1.50,3984139.0,140
2021,NAA,Trust Fund for the Support of Activities of OSAA to the New Partnership for Africa's Development (NEPAD) and Tokyo International Conference on African Development (TICAD) Process,3.27,3984139.0,237
2021,NGA,Trust Fund to Support Peace Process in the Democratic Republic of Congo,1.24,3984139.0,71
2021,NNA,Trust Fund for Children and Armed Conflict,1.25,3984139.0,73
2021,OAU,"Trust Fund to Support the rkl^r Pursuant to Security Councils OOPM (OMNS), OPTU (OMNT) and OQRT (OMNV)",1.45,3984139.0,126
2021,OTB,Trust Fund to Support the Launch and Operationalization of the Technology Bank for LDCs,3.28,3984139.0,239
2021,OUN,Technical Cooperation Trust Fund for One UN Projects Implemented by UNCTAD,3.29,3984139.0,242
2021,PDF,Trust Fund for United Nations Peace and Development,3.30,3984139.0,245
2021,PGA,Trust Fund for Population and Development,3.31,3984139.0,248
2021,PIA,Trust Fund for Public Awareness on Disarmament Affairs,1.47,3984139.0,132
2021,PIL,Trust Fund for the Office of Legal Affairs to Support the Promotion of International Law,2.7,3984139.0,154
2021,PSM,Trust Fund in Support of Peace and Security in Mali,1.27,3984139.0,76
2021,PSO,Trust Fund for the Peacebuilding Support Office,1.28,3984139.0,79
2021,PYA,Trust Fund for Preventive Action,1.29,3984139.0,82
2021,QGA,United Nations Fund for International Partnership (UNFIP),7.1,3984139.0,402
2021,QGB,Trust Fund for Partnerships,7.2,3984139.0,405
2021,QOA,United Nations Trust Fund for Enhancing Professional Capacity in Internal Oversight Functions,6.13,3984139.0,378
2021,RIA,United Nations Research Institute for Social Development,3.32,3984139.0,251
2021,RMB,Trust Fund to Support the Activities of the International Residual Mechanism for Criminal Tribunals,2.8,3984139.0,157
2021,ROD,Trust Fund in Support of the United Nations Register of Damage,1.30,3984139.0,84
2021,RSS,Trust Fund for the United Nations Mission in South Sudan,1.48,3984139.0,134
2021,SAU,Trust Fund in Support of the African Union Mission to Somalia (AMISOM),1.31,3984139.0,87
2021,SBA,Trust Fund in Support of United Nations Programme on Peaceful Uses of Outer Space,1.32,3984139.0,90
2021,SCC,Trust Fund to support the Syrian Constitutional Committee,1.49,3984139.0,137
2021,SCS,Trust Fund in support of the activities of the Office of the UN Special Coordinator for the Development in the Sahel,3.42,3984139.0,282
2021,SHA,United Nations Trust Fund on Contemporary Forms of Slavery,4.13,3984139.0,323
2021,SIM,Trust Fund in Support of the International Impartial and Independent Mechanism,2.12,3984139.0,168
2021,SNA,Trust Fund to promote information to United Nations staff about the work of the Organization (formerly Secretariat News Trust Fund),6.15,3984139.0,380
2021,SOP,Trust Fund for Peacebuilding in Somalia,1.33,3984139.0,93
2021,SVB,Trust Fund in Support of Victims of Sexual Exploitaion and Abuse,1.35,3984139.0,96
2021,SVC,Trust Fund in Support of the Office of the Special Representative of the Secretary-General on Sexual Violence in Conflict,1.36,3984139.0,99
2021,SVD,Trust Fund in Support of the Special Representative of the Secretary-General on Violence against Children,1.37,3984139.0,102
2021,SWE,Trust Fund for Support of Joint Inspection Unit (JIU) Activities,3.33,3984139.0,254
2021,SZA,Trust Fund in Support of Political Affairs,1.38,3984139.0,105
2021,TJA,Trust Fund to Assist States in the Judicial Settlement of Disputes through the International Court of Justice,2.9,3984139.0,160
2021,TLA,"Trust Fund for the United Nations Programme of Assistance in the Teaching, Study, Dissemination and Wider Appreciation of International Law",2.10,3984139.0,162
2021,TTA,United Nations Commission on International Trade Law Symposia,2.11,3984139.0,165
2021,TXB,Trust Fund for UNCTAD Technical Cooperation Projects,3.34,3984139.0,257
2021,UDF,United Nations Democracy Trust Fund,1.39,3984139.0,109
2021,UGA,Trust Fund for Security of Staff Members of the United Nations System,6.16,3984139.0,382
2021,UIC,Trust Fund for the United Nations Operation in Cote d'Ivoire,1.40,3984139.0,112
2021,UNN,Trust Fund for UNON Extrabudgetary,6.17,3984139.0,384
2021,UPR,Voluntary Fund for Financial and Technical Assistance for the Implementation of the Universal Periodic Review,4.15,3984139.0,326
2021,VPU,Voluntary Fund for Participation in the Universal Periodic Review,4.16,3984139.0,329
2021,VTA,Voluntary Technical Assistance Trust Fund to Support the Paticipation of Least Developed Countries and Small Island Developing States in the work of the Human Rights Council,4.17,3984139.0,332
2021,WAA,Trust Fund for Aging,3.35,3984139.0,262
2021,WKA,Trust Fund to Support the Work of the High-level Political Forum on Sustainable Development,3.36,3984139.0,264
2021,WOA,Trust Fund for the Follow-up to the World Summit for Social Development,3.37,3984139.0,267
2021,WVZ,ESCWA - Technical Cooperation Trust Fund,3.38,3984139.0,269
2021,XES,Trust Fund for Department of Economic and Social Affairs Capacity Development Programme,3.39,3984139.0,272
2021,YJA,Trust Fund for Alliance of Civilizations,3.40,3984139.0,275
2021,YRA,Trust Fund for Will and Gift to the UN,6.19,3984139.0,386
2022,ACM,Trust Fund in Support of General Assembly and Conference Management Activities,6.1,4017052.0,339
2022,AHA,Voluntary Fund for Advisory Services and Technical Assistance in the Field of Human Rights,4.1,4017052.0,282
2022,AMR,Trust Fund for the Annual Ministerial Review and the Development Cooperation Forum,3.1,4017052.0,173
2022,AMS,Trust Fund for the United Nations Integrated Transition Assistance Mission in Sudan,1.52,4017052.0,136
2022,ANC,Trust Fund for the Promotion of Social and Economic Development in Afghanistan,1.1,4017052.0,12
2022,BKT,ESCAP - Technical Cooperation Project Trust Funds - Local,3.2,4017052.0,176
2022,BTF,General Trust Fund for ESCAP Regional Activities,3.3,4017052.0,180
2022,BTS,ECLAC Santiago - Technical Cooperation Project Trust Funds,3.4,4017052.0,183
2022,CAF,Trust Fund in Support of Peacebuilding Efforts in the Central African Republic,1.2,4017052.0,14
2022,CCR,Trust Fund to Support the Coordination and Coherence of the Rule of Law Activities of the United Nations System,2.1,4017052.0,139
2022,CCS,Trust Fund for Climate Change Support,6.2,4017052.0,342
2022,CER,Central Emergency Response Fund,4.2,4017052.0,285
2022,CFE,Trust Fund for ECA Construction,6.21,4017052.0,386
2022,CHA,United Nations Voluntary Fund for Victims of Torture,4.3,4017052.0,289
2022,CIA,Trust Fund for a Human Rights Education Programme in Cambodia,4.4,4017052.0,292
2022,CIB,Trust Fund in Support of the Construction and Renovation of the United Nations Compound in Baghdad,1.3,4017052.0,16
2022,CLA,Trust Fund for Legal Affairs and Related Issues,2.2,4017052.0,142
2022,CLO,Trust Funds converted from IMIS to be closed,6.3,4017052.0,345
2022,CLR,Trust Fund Central Emergency Response Fund Loan component,4.5,4017052.0,295
2022,CNM,Trust Fund in Support of the Cameroon-Nigeria Border Demarcation and Other Activities Related to Preventive Diplomacy and Peacemaking,1.43,4017052.0,113
2022,COC,Trust Fund to Support Management and Reform Activities,6.4,4017052.0,347
2022,CPK,Trust Fund in Support Peacekeeping Activities,1.4,4017052.0,18
2022,CSA,Trust Fund for Case Studies on the Functioning of the Operational Activities for Development of the United Nations System,3.5,4017052.0,186
2022,CTD,Trust Fund for the Counter-Terrorism Committee Executive Directorate,1.5,4017052.0,21
2022,CTI,Trust Fund for Counter-Terrorism,1.6,4017052.0,24
2022,CYP,Trust Fund to Support Peace and Security in Cyprus,1.7,4017052.0,27
2022,DAA,United Nations Regional Centre for Peace and Disarmament in Africa,1.8,4017052.0,29
2022,DBA,"Trust Fund for the United Nations Regional Centre for Peace, Disarmament and Development in Latin America",1.9,4017052.0,32
2022,DDN,Trust Fund for the Strengthening of the Office of the Emergency Relief Coordinator,4.6,4017052.0,297
2022,DFA,Trust Fund for the United Nations Regional Centre for Peace and Disarmament in Asia,1.10,4017052.0,35
2022,DGA,Trust Fund for Global and Regional Disarmament Activities,1.11,4017052.0,38
2022,DGT,Sub-account for Supporting the Implementation of the Arms Trade Treaty and Programme of Action,1.12,4017052.0,41
2022,DJA,Trust Fund for the Establishment of a Joint Investigative Mechanism (gfj) Pursuant to rkp`o OOPR (OMNR),1.13,4017052.0,44
2022,DLA,Sasakawa - UNDRO Disaster Prevention Award Endowment Fund,4.7,4017052.0,301
2022,DRA,United Nations Institute for Disarmament Research,1.14,4017052.0,46
2022,DSA,Special Purpose Trust Fund for the Reinvigorated Resident Coordinator (RC) System,6.22,4017052.0,388
2022,DUN,Trust Fund for Digital Agenda,6.20,4017052.0,384
2022,DWA,Trust Fund for the United Nations Disarmament Information Programme,1.46,4017052.0,122
2022,DXA,Trust Fund for Disaster Reduction,4.8,4017052.0,303
2022,ECE,ECE Local Technical Co-operation Trust Funds,3.8,4017052.0,189
2022,ERA,Development Forum Trust Fund,5.1,4017052.0,331
2022,ESA,Trust Fund for Economic and Social Information,5.2,4017052.0,333
2022,ESW,Trust Fund in Support of the System-Wide Evaluation,6.26,4017052.0,399
2022,FII,Trust Fund on Indigenous Issues,3.11,4017052.0,193
2022,FYA,United Nations Trust Fund on Family Activities,3.12,4017052.0,196
2022,GAC,Trust Fund in Support of the Office of the President of the General Assembly,6.5,4017052.0,350
2022,GBA,Trust Fund for Statistical Development and Capacity Building,3.13,4017052.0,198
2022,GCU,United Nations Trust Fund for Government Contributions to UNICS,5.3,4017052.0,336
2022,GIV,Trust Fund to Support Global Impact and Vulnerability Alert System,6.6,4017052.0,353
2022,GKA,Global Compact Trust Fund,3.14,4017052.0,201
2022,GLA,Trust Fund in Support of the Office of the Special Envoy of the Secretary-General for the Great Lakes Region,1.16,4017052.0,49
2022,GTA,Trust Fund for German Language Translation,6.7,4017052.0,356
2022,GYA,Trust Fund for United Nations Integrated Peace Building Office in Guinea Bissau (UNIOGBIS),1.17,4017052.0,52
2022,HBP,Trust Fund for the Implementation of HLCM Plan of Action for the Harmonization of Business Practices in the United Nations system,6.8,4017052.0,359
2022,HCA,Trust Fund for the Support to the Activities of the Centre for Human Rights,4.9,4017052.0,306
2022,HCB,Host Country Agreements - rken (Volume 1),6.23,4017052.0,392
2022,HDM,ECA as Executing Agency for Miscellaneous Technical Co-operation Funds,3.15,4017052.0,204
2022,HIA,Trust Fund to Support Activities for the Follow-up to the International Conference on Financing for Development,3.16,4017052.0,207
2022,HKA,Trust Fund in Support of the Political Transition in Haiti,1.18,4017052.0,54
2022,HYA,Trust Fund for Human Security,4.10,4017052.0,310
2022,ICJ,Trust Fund for the Judicial Fellowship of the International Court of Justice,2.14,4017052.0,170
2022,IDA,United Nations Voluntary Fund on Disability,3.17,4017052.0,210
2022,IDP,African Institute for Economic Development and Planning,3.41,4017052.0,275
2022,IEA,United Nations Youth Fund,3.18,4017052.0,213
2022,IHA,United Nations Voluntary Fund for Indigenous Populations,4.11,4017052.0,313
2022,IIM,Trust Fund for the Independent Investigative Mechanism for Myanmar,2.13,4017052.0,167
2022,IIT,Trust Fund in Support of the Implementation of the rkp`o OPTV (OMNT),1.42,4017052.0,110
2022,JMS,Trust Fund for the AU-UN Joint Mediation Support Team (JMST) for Darfur,1.19,4017052.0,56
2022,JPO,Trust Fund for Junior Professional Officer Programme Administered by Department of Economic and Social Affairs,3.20,4017052.0,216
2022,JTA,Trust Fund for the Millennium Assembly and the Millennium Summit of the United Nations,6.9,4017052.0,362
2022,KDB,"Trust Fund to Support the Implementation of Community-based Assistance Projects of the Roma, Ashkali and Egyptian Communities in Kosovo",1.41,4017052.0,108
2022,KJA,Trust Fund to Assist Members of the Commission on the Limits of the Continental Shelf from Developing States to Participate in its Meetings,2.5,4017052.0,145
2022,KRT,UNAKRT - UN Assistance for the Khmer Rouge Trails,3.21,4017052.0,219
2022,KSA,Trust Fund in Support of the United Nations Forum on Forests,3.22,4017052.0,222
2022,KUA,Trust Fund to Assist Developing States in the Preparation of Submissions to the Commission on the Limits of the Continental Shelf,2.6,4017052.0,148
2022,LAC,ECLAC - Miscellaneous Project Accounts,3.23,4017052.0,225
2022,LEA,Library Endowment Fund,6.10,4017052.0,364
2022,LJA,Trust Fund for Special Projects of the Secretary-General,6.11,4017052.0,366
2022,LLA,Trust Fund in Support of the Department of Peacekeeping Operations,1.20,4017052.0,58
2022,LLB,Trust Fund in Support of the Department of Operational Support,1.44,4017052.0,116
2022,LLS,"Trust Fund in Support of Activities Undertaken by the Office of the High Representative for the Least Developed Countries, Landlocked Developing Countries and Small Island Developing States (OHRLLS)",3.24,4017052.0,227
2022,LMR,Trust Fund for Locally Mobilized Non-Core Support for the UN Resident Coordinator Offices,6.25,4017052.0,395
2022,LPD,Trust Fund to Support Lasting Peace in Darfur,1.21,4017052.0,61
2022,LRA,Trust Fund for the Financing of the Implementation of the Convention on Long-Range Transboundary Air Pollution,3.25,4017052.0,230
2022,LSS,Trust Fund for UNOG Local Support Services,6.12,4017052.0,369
2022,MIS,Trust Fund in Support of the African-led International Support Mission in the Central African Republic (MISCA),1.22,4017052.0,63
2022,MNA,Voluntary Trust Fund for Assistance in Mine Action,4.12,4017052.0,316
2022,MSM,Trust Fund in Support of the African-led International Support Mission in Mali,1.23,4017052.0,65
2022,MYM,Trust Fund in Support of Executing the Mandate of the Special Envoy of Secretary-General on Myanmar (SESG-Myanmar),1.50,4017052.0,133
2022,NAA,Trust Fund for the Support of Activities of OSAA to the New Partnership for Africa's Development (NEPAD) and Tokyo International Conference on African Development (TICAD) Process,3.27,4017052.0,233
2022,NGA,Trust Fund to Support Peace Process in the Democratic Republic of Congo,1.24,4017052.0,67
2022,NNA,Trust Fund for Children and Armed Conflict,1.25,4017052.0,69
2022,OAU,"Trust Fund to Support the rkl^r Pursuant to Security Councils OOPM (OMNS), OPTU (OMNT) and OQRT (OMNV)",1.45,4017052.0,119
2022,OTB,Trust Fund to Support the Launch and Operationalization of the Technology Bank for LDCs,3.28,4017052.0,236
2022,OUN,Technical Cooperation Trust Fund for One UN Projects Implemented by UNCTAD,3.29,4017052.0,239
2022,PDF,Trust Fund for United Nations Peace and Development,3.30,4017052.0,242
2022,PGA,Trust Fund for Population and Development,3.31,4017052.0,245
2022,PIA,Trust Fund for Public Awareness on Disarmament Affairs,1.47,4017052.0,125
2022,PIL,Trust Fund for the Office of Legal Affairs to Support the Promotion of International Law,2.7,4017052.0,150
2022,PSM,Trust Fund in Support of Peace and Security in Mali,1.27,4017052.0,72
2022,PSO,Trust Fund for the Peacebuilding Support Office,1.28,4017052.0,75
2022,PYA,Trust Fund for Preventive Action,1.29,4017052.0,78
2022,QGA,United Nations Fund for International Partnership (UNFIP),7.1,4017052.0,402
2022,QGB,Trust Fund for Partnerships,7.2,4017052.0,405
2022,QOA,United Nations Trust Fund for Enhancing Professional Capacity in Internal Oversight Functions,6.13,4017052.0,372
2022,RIA,United Nations Research Institute for Social Development,3.32,4017052.0,248
2022,RMB,Trust Fund to Support the Activities of the International Residual Mechanism for Criminal Tribunals,2.8,4017052.0,153
2022,ROD,Trust Fund in Support of the United Nations Register of Damage,1.30,4017052.0,80
2022,RSS,Trust Fund for the United Nations Mission in South Sudan,1.48,4017052.0,127
2022,SAU,Trust Fund in Support of the African Union Mission to Somalia (AMISOM),1.31,4017052.0,82
2022,SBA,Trust Fund in Support of United Nations Programme on Peaceful Uses of Outer Space,1.32,4017052.0,85
2022,SCC,Trust Fund to Support the Syrian Constitutional Committee,1.49,4017052.0,130
2022,SCS,Trust Fund in Support of the Activities of the Office of the UN Special Coordinator for the Development in the Sahel,3.42,4017052.0,279
2022,SHA,United Nations Trust Fund on Contemporary Forms of Slavery,4.13,4017052.0,319
2022,SIM,Trust Fund in Support of the International Impartial and Independent Mechanism,2.12,4017052.0,164
2022,SNA,Trust Fund to Promote Information to United Nations Staff about the Work of the Organization (formerly Secretariat News Trust Fund),6.15,4017052.0,374
2022,SOP,Trust Fund for Peacebuilding in Somalia,1.33,4017052.0,88
2022,SVB,Trust Fund in Support of Victims of Sexual Exploitation and Abuse,1.35,4017052.0,91
2022,SVC,Trust Fund in Support of the Office of the Special Representative of the Secretary-General on Sexual Violence in Conflict,1.36,4017052.0,94
2022,SVD,Trust Fund in Support of the Special Representative of the Secretary-General on Violence against Children,1.37,4017052.0,97
2022,SWE,Trust Fund for Support of Joint Inspection Unit (JIU) Activities,3.33,4017052.0,251
2022,SZA,Trust Fund in Support of Political Affairs,1.38,4017052.0,100
2022,TJA,Trust Fund to Assist States in the Judicial Settlement of Disputes through the International Court of Justice,2.9,4017052.0,156
2022,TLA,"Trust Fund for the United Nations Programme of Assistance in the Teaching, Study, Dissemination and Wider Appreciation of International Law",2.10,4017052.0,158
2022,TTA,United Nations Commission on International Trade Law Symposia,2.11,4017052.0,161
2022,TXB,Trust Fund for UNCTAD Technical Cooperation Projects,3.34,4017052.0,253
2022,UDF,United Nations Democracy Trust Fund,1.39,4017052.0,103
2022,UGA,Trust Fund for Security of Staff Members of the United Nations System,6.16,4017052.0,376
2022,UIC,Trust Fund for the United Nations Operation in Cote d'Ivoire,1.40,4017052.0,106
2022,UNN,Trust Fund for UNON Extrabudgetary,6.17,4017052.0,379
2022,UPR,Voluntary Fund for Financial and Technical Assistance for the Implementation of the Universal Periodic Review,4.15,4017052.0,322
2022,VPU,Voluntary Fund for Participation in the Universal Periodic Review,4.16,4017052.0,325
2022,VTA,Voluntary Technical Assistance Trust Fund to Support the Participation of Least Developed Countries and Small Island Developing States in the Work of the Human Rights Council,4.17,4017052.0,328
2022,WAA,Trust Fund for Aging,3.35,4017052.0,258
2022,WKA,Trust Fund to Support the Work of the High-level Political Forum on Sustainable Development,3.36,4017052.0,260
2022,WOA,Trust Fund for the Follow-up to the World Summit for Social Development,3.37,4017052.0,263
2022,WVZ,ESCWA - Technical Cooperation Trust Fund,3.38,4017052.0,266
2022,XES,Trust Fund for Department of Economic and Social Affairs Capacity Development Programme,3.39,4017052.0,269
2022,YJA,Trust Fund for Alliance of Civilizations,3.40,4017052.0,272
2022,YRA,Trust Fund for Will and Gift to the UN,6.19,4017052.0,381
2023,ACM,Trust Fund in Support of General Assembly and Conference Management Activities,6.1,4060617.0,350
2023,AHA,Voluntary Fund for Advisory Services and Technical Assistance in the Field of Human Rights,4.1,4060617.0,291
2023,AMR,Trust Fund for the Annual Ministerial Review and the Development Cooperation Forum,3.1,4060617.0,179
2023,AMS,Trust Fund for the United Nations Integrated Transition Assistance Mission in Sudan,1.52,4060617.0,140
2023,ANC,Trust Fund for the Promotion of Social and Economic Development in Afghanistan,1.1,4060617.0,12
2023,BKT,ESCAP - Technical Cooperation Project Trust Funds - Local,3.2,4060617.0,182
2023,BTF,General Trust Fund for ESCAP Regional Activities,3.3,4060617.0,186
2023,BTS,ECLAC Santiago - Technical Cooperation Project Trust Funds,3.4,4060617.0,189
2023,CAF,Trust Fund in Support of Peacebuilding Efforts in the Central African Republic,1.2,4060617.0,15
2023,CCR,Trust Fund to Support the Coordination and Coherence of the Rule of Law Activities of the United Nations System,2.1,4060617.0,145
2023,CCS,Trust Fund for Climate Change Support,6.2,4060617.0,352
2023,CER,Central Emergency Response Fund,4.2,4060617.0,294
2023,CFE,Trust Fund for ECA Construction,6.21,4060617.0,397
2023,CHA,United Nations Voluntary Fund for Victims of Torture,4.3,4060617.0,298
2023,CIA,Trust Fund for a Human Rights Education Programme in Cambodia,4.4,4060617.0,301
2023,CIB,Trust Fund in Support of the Construction and Renovation of the United Nations Compound in Baghdad,1.3,4060617.0,18
2023,CLA,Trust Fund for Legal Affairs and Related Issues,2.2,4060617.0,148
2023,CLO,Trust Funds converted from IMIS to be closed,6.3,4060617.0,355
2023,CLR,Trust Fund Central Emergency Response Fund Loan Component,4.5,4060617.0,304
2023,CNM,Trust Fund in Support of the Cameroon-Nigeria Border Demarcation and Other Activities Related to Preventive Diplomacy and Peacemaking,1.43,4060617.0,117
2023,COC,Trust Fund to Support Management and Reform Activities,6.4,4060617.0,357
2023,CPK,Trust Fund in Support Peacekeeping Activities,1.4,4060617.0,20
2023,CSA,Trust Fund for Case Studies on the Functioning of the Operational Activities for Development of the United Nations System,3.5,4060617.0,193
2023,CTD,Trust Fund for the Counter-Terrorism Committee Executive Directorate,1.5,4060617.0,23
2023,CTI,Trust Fund for Counter-Terrorism,1.6,4060617.0,26
2023,CYP,Trust Fund to Support Peace and Security in Cyprus,1.7,4060617.0,29
2023,DAA,United Nations Regional Centre for Peace and Disarmament in Africa,1.8,4060617.0,31
2023,DBA,"Trust Fund for the United Nations Regional Centre for Peace, Disarmament and Development in Latin America",1.9,4060617.0,34
2023,DDN,Trust Fund for the Strengthening of the Office of the Emergency Relief Coordinator,4.6,4060617.0,306
2023,DFA,Trust Fund for the United Nations Regional Centre for Peace and Disarmament in Asia,1.10,4060617.0,37
2023,DGA,Trust Fund for Global and Regional Disarmament Activities,1.11,4060617.0,40
2023,DGT,Sub-account for supporting the implementation of the Arms Trade Treaty and Programme of Action,1.12,4060617.0,43
2023,DJA,Trust Fund for the Establishment of a Joint Investigative Mechanism (gfj) Pursuant to rkp`o OOPR (OMNR),1.13,4060617.0,46
2023,DLA,Sasakawa - UNDRO Disaster Prevention Award Endowment Fund,4.7,4060617.0,310
2023,DRA,United Nations Institute for Disarmament Research,1.14,4060617.0,48
2023,DSA,Special Purpose Trust Fund for the Reinvigorated Resident Coordinator (RC) System,6.22,4060617.0,400
2023,DUN,Trust Fund for Digital Agenda,6.20,4060617.0,395
2023,DWA,Trust Fund for the United Nations Disarmament Information Programme,1.46,4060617.0,126
2023,DXA,Trust Fund for Disaster Reduction,4.8,4060617.0,312
2023,ECE,ECE Local Technical Co-operation Trust Funds,3.8,4060617.0,196
2023,ERA,Development Forum Trust Fund,5.1,4060617.0,341
2023,ESA,Trust Fund for Economic and Social Information,5.2,4060617.0,344
2023,ESW,Trust Fund in Support of the System-Wide Evaluation,6.26,4060617.0,411
2023,FII,Trust Fund on Indigenous Issues,3.11,4060617.0,200
2023,FYA,United Nations Trust Fund on Family Activities,3.12,4060617.0,203
2023,GAC,Trust Fund in Support of the Office of the President of the General Assembly,6.5,4060617.0,360
2023,GBA,Trust Fund for Statistical Development and Capacity Building,3.13,4060617.0,205
2023,GCU,United Nations Trust Fund for Government Contributions to UNICS,5.3,4060617.0,347
2023,GIV,Trust Fund to Support Global Impact and Vulnerability Alert System,6.6,4060617.0,363
2023,GKA,Global Compact Trust Fund,3.14,4060617.0,208
2023,GLA,Trust Fund in Support of the Office of the Special Envoy of the Secretary-General for the Great Lakes Region,1.16,4060617.0,51
2023,GTA,Trust Fund for German Language Translation,6.7,4060617.0,366
2023,HBP,Trust Fund for the Implementation of HLCM Plan of Action for the Harmonization of Business Practices in the United Nations System,6.8,4060617.0,369
2023,HCA,Trust Fund for the Support to the Activities of the Centre for Human Rights,4.9,4060617.0,315
2023,HCB,Host Country Agreements - rken (Volume 1),6.23,4060617.0,404
2023,HDM,ECA as Executing Agency for Miscellaneous Technical Co-operation Funds,3.15,4060617.0,211
2023,HIA,Trust Fund to Support Activities for the Follow-up to the International Conference on Financing for Development,3.16,4060617.0,214
2023,HKA,Trust Fund in Support of the Political Transition in Haiti,1.18,4060617.0,54
2023,HYA,Trust Fund for Human Security,4.10,4060617.0,320
2023,ICJ,Trust Fund for the Judicial Fellowship Programme of the International Court of Justice,2.14,4060617.0,176
2023,IDA,United Nations Voluntary Fund on Disability,3.17,4060617.0,217
2023,IDP,African Institute for Economic Development and Planning (IDEP),3.41,4060617.0,284
2023,IEA,United Nations Youth Fund,3.18,4060617.0,220
2023,IHA,United Nations Voluntary Fund for Indigenous Populations,4.11,4060617.0,323
2023,IIM,Trust Fund for the Independent Investigative Mechanism for Myanmar,2.13,4060617.0,173
2023,IIT,Trust Fund in Support of the Implementation of the rkp`o OPTV (OMNT),1.42,4060617.0,114
2023,JMS,Trust Fund for the AU-UN Joint Mediation Support Team (JMST) for Darfur,1.19,4060617.0,56
2023,JPO,Trust Fund for Junior Professional Officer Programme Administered by Department of Economic and Social Affairs,3.20,4060617.0,223
2023,JTA,Trust Fund for the Millennium Assembly and the Millennium Summit of the United Nations,6.9,4060617.0,371
2023,KDB,"Trust Fund to Support the Implementation of Community-based Assistance Projects of the Roma, Ashkali and Egyptian Communities in Kosovo",1.41,4060617.0,112
2023,KJA,Trust Fund to Assist Members of the Commission on the Limits of the Continental Shelf from Developing States to Participate in its Meetings,2.5,4060617.0,151
2023,KRT,UNAKRT - UN Assistance for the Khmer Rouge Trails,3.21,4060617.0,226
2023,KSA,Trust Fund in Support of the United Nations Forum on Forests,3.22,4060617.0,229
2023,KUA,Trust Fund to Assist Developing States in the Preparation of Submissions to the Commission on the Limits of the Continental Shelf,2.6,4060617.0,154
2023,LAC,ECLAC - Miscellaneous project accounts,3.23,4060617.0,232
2023,LEA,Library Endowment Fund,6.10,4060617.0,374
2023,LJA,Trust Fund for Special Projects of the Secretary-General,6.11,4060617.0,376
2023,LLA,Trust Fund in Support of the Department of Peacekeeping Operations,1.20,4060617.0,58
2023,LLB,Trust Fund in Support of the Department of Operational Support,1.44,4060617.0,120
2023,LLS,"Trust Fund in Support of Activities Undertaken by the Office of the High Representative for the Least Developed Countries, Landlocked Developing Countries and Small Island Developing States (OHRLLS)",3.24,4060617.0,234
2023,LMR,Trust Fund for Locally Mobilized Non-Core Support for the UN Resident Coordinator Offices,6.25,4060617.0,407
2023,LPD,Trust Fund to Support Lasting Peace in Darfur,1.21,4060617.0,61
2023,LRA,Trust Fund for the Financing of the Implementation of the Convention on Long-Range Transboundary Air Pollution,3.25,4060617.0,237
2023,LSS,Trust Fund for UNOG Local Support Services,6.12,4060617.0,379
2023,MIS,Trust Fund in Support of the African-led International Support Mission in the Central African Republic (MISCA),1.22,4060617.0,63
2023,MNA,Voluntary Trust Fund for Assistance in Mine Action,4.12,4060617.0,326
2023,MSM,Trust Fund in Support of the African-led International Support Mission in Mali,1.23,4060617.0,65
2023,MSS,Trust Fund in Support of the Multinational Security Support (MSS) Mission in Haiti,1.53,4060617.0,142
2023,MYM,Trust Fund in Support of Executing the Mandate of the Special Envoy of Secretary-General on Myanmar (SESG-Myanmar),1.50,4060617.0,137
2023,NAA,Trust Fund for the Support of Activities of OSAA to the New Partnership for Africa's Development (NEPAD) and Tokyo International Conference on African Development (TICAD) Process,3.27,4060617.0,240
2023,NGA,Trust Fund to Support Peace Process in the Democratic Republic of Congo,1.24,4060617.0,67
2023,NNA,Trust Fund for Children and Armed Conflict,1.25,4060617.0,69
2023,OAU,"Trust Fund to Support the rkl^r Pursuant to Security Councils OOPM (OMNS), OPTU (OMNT) and OQRT (OMNV)",1.45,4060617.0,123
2023,OST,Trust Fund in Support of the Office of the Secretary-General's Envoy on Technology,6.27,4060617.0,414
2023,OTB,Trust Fund to Support the launch and operationalization of the Technology Bank for LDCs,3.28,4060617.0,243
2023,OUN,Technical Cooperation Trust Fund for One UN projects implemented by UNCTAD,3.29,4060617.0,246
2023,PDF,Trust Fund for United Nations Peace and Development,3.30,4060617.0,249
2023,PGA,Trust Fund for Population and Development,3.31,4060617.0,252
2023,PIA,Trust Fund for Public Awareness on Disarmament Affairs,1.47,4060617.0,129
2023,PIL,Trust Fund for the Office of Legal Affairs to Support the Promotion of International Law,2.7,4060617.0,156
2023,PSL,Trust Fund in Support of Peace and Security in Libya,1.26,4060617.0,72
2023,PSM,Trust Fund in Support of Peace and Security in Mali,1.27,4060617.0,75
2023,PSO,Trust Fund for the Peacebuilding Support Office,1.28,4060617.0,78
2023,PYA,Trust Fund for Preventive Action,1.29,4060617.0,81
2023,QGA,United Nations Fund for International Partnership (UNFIP),7.1,4060617.0,420
2023,QGB,Trust Fund for Partnerships,7.2,4060617.0,423
2023,QOA,United Nations Trust Fund for Enhancing Professional Capacity in Internal Oversight Functions,6.13,4060617.0,382
2023,RIA,United Nations Research Institute for Social Development,3.32,4060617.0,255
2023,RMB,Trust Fund to Support the Activities of the International Residual Mechanism for Criminal Tribunals,2.8,4060617.0,159
2023,ROD,Trust Fund in Support of the United Nations Register of Damage,1.30,4060617.0,83
2023,RSS,Trust Fund for the United Nations Mission in South Sudan,1.48,4060617.0,131
2023,SAU,Trust Fund in Support of the African Union Mission to Somalia (AMISOM),1.31,4060617.0,86
2023,SBA,Trust Fund in Support of United Nations Programme on Peaceful Uses of Outer Space,1.32,4060617.0,89
2023,SCC,Trust Fund to Support the Syrian Constitutional Committee,1.49,4060617.0,134
2023,SCS,Trust Fund in Support of the Activities of the Office of the UN Special Coordinator for the Development in the Sahel,3.42,4060617.0,288
2023,SEA,Trust Fund in Support of the Office of the Special Coordinator on Improving United Nations Response to Sexual Exploitation and Abuse,6.28,4060617.0,417
2023,SHA,United Nations Trust Fund on Contemporary Forms of Slavery,4.13,4060617.0,329
2023,SIM,Trust Fund in Support of the International Impartial and Independent Mechanism,2.12,4060617.0,170
2023,SNA,Trust Fund to promote information to United Nations staff about the work of the Organization (formerly Secretariat News Trust Fund),6.15,4060617.0,385
2023,SOP,Trust Fund for Peacebuilding in Somalia,1.33,4060617.0,92
2023,SVB,Trust Fund in Support of Victims of Sexual Exploitaion and Abuse,1.35,4060617.0,95
2023,SVC,Trust Fund in Support of the Office of the Special Representative of the Secretary-General on Sexual Violence in Conflict,1.36,4060617.0,98
2023,SVD,Trust Fund in Support of the Special Representative of the Secretary-General on Violence against Children,1.37,4060617.0,101
2023,SWE,Trust Fund for Support of Joint Inspection Unit (JIU) Activities,3.33,4060617.0,258
2023,SZA,Trust Fund in Support of Political Affairs,1.38,4060617.0,104
2023,TJA,Trust Fund to Assist States in the Judicial Settlement of Disputes through the International Court of Justice,2.9,4060617.0,162
2023,TLA,"Trust Fund for the United Nations Programme of Assistance in the Teaching, Study, Dissemination and Wider Appreciation of International Law",2.10,4060617.0,164
2023,TTA,United Nations Commission on International Trade Law Symposia,2.11,4060617.0,167
2023,TXB,Trust Fund for UNCTAD Technical Cooperation Projects,3.34,4060617.0,261
2023,UDF,UN Democracy Trust Fund,1.39,4060617.0,107
2023,UGA,Trust Fund for Security of Staff Members of the United Nations System,6.16,4060617.0,387
2023,UIC,Trust Fund for the United Nations Operation in Cote d'Ivoire,1.40,4060617.0,110
2023,UNN,Trust Fund for UNON Extrabudgetary,6.17,4060617.0,390
2023,UPR,Voluntary Fund for Financial and Technical Assistance for the Implementation of the Universal Periodic Review,4.15,4060617.0,332
2023,VPU,Voluntary Fund for Participation in the Universal Periodic Review,4.16,4060617.0,335
2023,VTA,Voluntary Technical Assistance Trust Fund to Support the Paticipation of Least Developed Countries & Small Island Developing States in the Work of the Human Rights Council,4.17,4060617.0,338
2023,WAA,Trust Fund for Aging,3.35,4060617.0,266
2023,WKA,Trust Fund to Support the Work of the High-level Political Forum on Sustainable Development,3.36,4060617.0,269
2023,WOA,Trust Fund for the Follow-up to the World Summit for Social Development,3.37,4060617.0,272
2023,WVZ,ESCWA - Technical Cooperation Trust Fund,3.38,4060617.0,275
2023,XES,Trust Fund for Department of Economic and Social Affairs Capacity Development Programme,3.39,4060617.0,278
2023,YJA,Trust Fund for Alliance of Civilizations,3.40,4060617.0,281
2023,YRA,Trust Fund for Will and Gift to the UN,6.19,4060617.0,393
2024,ACM,Trust Fund in Support of General Assembly and Conference Management Activities,6.1,4087012.0,351
2024,AHA,Voluntary Fund for Advisory Services and Technical Assistance in the Field of Human Rights,4.1,4087012.0,294
2024,AMR,Trust Fund for the Annual Ministerial Review and the Development Cooperation Forum,3.1,4087012.0,183
2024,AMS,Trust Fund for the United Nations Integrated Transition Assistance Mission in Sudan,1.52,4087012.0,140
2024,ANC,Trust Fund in Support of the United Nations Mission in Afghanistan UNAMA,1.1,4087012.0,12
2024,BKT,ESCAP - Technical Cooperation Project Trust Funds - Local,3.2,4087012.0,186
2024,BTF,General Trust Fund for ESCAP Regional Activities,3.3,4087012.0,190
2024,BTS,ECLAC Santiago - Technical Cooperation Project Trust Funds,3.4,4087012.0,193
2024,CAF,Trust Fund in Support of Peacebuilding Efforts in the Central African Republic,1.2,4087012.0,15
2024,CCR,Trust Fund to Support the Coordination and Coherence of the Rule of Law Activities of the United Nations System,2.1,4087012.0,149
2024,CCS,Trust Fund for Climate Change Support,6.2,4087012.0,354
2024,CER,Central Emergency Response Fund,4.2,4087012.0,297
2024,CFE,Trust Fund for ECA Construction,6.21,4087012.0,399
2024,CHA,United Nations Voluntary Fund for Victims of Torture,4.3,4087012.0,301
2024,CIA,Trust Fund for a Human Rights Education Programme in Cambodia,4.4,4087012.0,304
2024,CIB,Trust Fund in support of the construction and renovation of the United Nations compound in Baghdad,1.3,4087012.0,18
2024,CLA,Trust Fund for Legal Affairs and related issues,2.2,4087012.0,152
2024,CLO,Trust Funds converted from IMIS to be closed,6.3,4087012.0,357
2024,CLR,Trust Fund Central Emergency Response Fund Loan component,4.5,4087012.0,306
2024,CNM,Trust Fund in Support of the Cameroon-Nigeria Border Demarcation and Other Activities Related to Preventive Diplomacy and Peacemaking,1.43,4087012.0,118
2024,COC,Trust Fund to Support Management and Reform Activities,6.4,4087012.0,359
2024,CPK,Trust Fund in Support Peacekeeping Activities,1.4,4087012.0,20
2024,CSA,Trust Fund for Case Studies on the Functioning of the Operational Activities for Development of the United Nations System,3.5,4087012.0,197
2024,CTD,Trust Fund for the Counter-Terrorism Committee Executive Directorate,1.5,4087012.0,23
2024,CTI,Trust Fund for Counter-Terrorism,1.6,4087012.0,26
2024,CYP,Trust Fund to Support Peace and Security in Cyprus,1.7,4087012.0,29
2024,DAA,United Nations Regional Centre for Peace and Disarmament in Africa,1.8,4087012.0,31
2024,DBA,"Trust Fund for the United Nations Regional Centre for Peace, Disarmament and Development in Latin America",1.9,4087012.0,34
2024,DDN,Trust Fund for the Strengthening of the Office of the Emergency Relief Coordinator,4.6,4087012.0,308
2024,DFA,Trust Fund for the United Nations Regional Centre for Peace and Disarmament in Asia,1.10,4087012.0,37
2024,DGA,Trust Fund for Global and Regional Disarmament Activities,1.11,4087012.0,40
2024,DGT,Sub-account for supporting the implementation of the Arms Trade Treaty and Programme of Action,1.12,4087012.0,43
2024,DJA,Trust Fund for the establishment of a Joint Investigative Mechanism (gfj) pursuant to rkp`o OOPR (OMNR),1.13,4087012.0,46
2024,DLA,Sasakawa - UNDRO Disaster Prevention Award Endowment Fund,4.7,4087012.0,312
2024,DRA,United Nations Institute for Disarmament Research,1.14,4087012.0,48
2024,DSA,Special Purpose Trust Fund for the Reinvigorated Resident Coordinator (RC) System,6.22,4087012.0,402
2024,DUN,Trust Fund for Digital Agenda,6.20,4087012.0,396
2024,DWA,Trust Fund for the United Nations Disarmament Information Programme,1.46,4087012.0,126
2024,DXA,Trust Fund for Disaster Reduction,4.8,4087012.0,314
2024,ECE,ECE Local Technical Co-operation Trust Funds,3.8,4087012.0,200
2024,ERA,Development Forum Trust Fund,5.1,4087012.0,343
2024,ESA,Trust Fund for Economic and Social Information,5.2,4087012.0,345
2024,ESW,Trust Fund in Support of the System-Wide Evaluation,6.26,4087012.0,412
2024,FII,Trust Fund on Indigenous Issues,3.11,4087012.0,204
2024,FYA,United Nations Trust Fund on Family Activities,3.12,4087012.0,207
2024,GAC,Trust Fund in Support of the Office of the President of the General Assembly,6.5,4087012.0,362
2024,GBA,Trust Fund for Statistical Development and Capacity Building,3.13,4087012.0,209
2024,GCU,United Nations Trust Fund for Government Contributions to UNICS,5.3,4087012.0,348
2024,GIV,Trust Fund to Support Global Impact and Vulnerability Alert System,6.6,4087012.0,365
2024,GKA,Global Compact Trust Fund,3.14,4087012.0,212
2024,GLA,Trust Fund in support of the Office of the Special Envoy of the Secretary-General for the Great Lakes Region,1.16,4087012.0,51
2024,GTA,Trust Fund for German Language Translation,6.7,4087012.0,368
2024,HBP,Trust Fund for the Implementation of HLCM Plan of Action for the Harmonization of Business Practices in the United Nations system,6.8,4087012.0,371
2024,HCA,Trust Fund for the Support to the Activities of the Centre for Human Rights,4.9,4087012.0,318
2024,HCB,Host Country Agreements - rken (Volume 1),6.23,4087012.0,406
2024,HDM,ECA as Executing Agency for Miscellaneous Technical Co-operation Funds,3.15,4087012.0,215
2024,HIA,Trust Fund to Support Activities for the Follow-up to the International Conference on Financing for Development,3.16,4087012.0,218
2024,HKA,Trust Fund in Support of the Political Transition in Haiti,1.18,4087012.0,54
2024,HYA,Trust Fund for Human Security,4.10,4087012.0,322
2024,ICJ,Trust Fund for the Judicial Fellowship of the International Court of Justice,2.14,4087012.0,180
2024,IDA,United Nations Voluntary Fund on Disability,3.17,4087012.0,221
2024,IDP,African Institute for Economic Development and Planning (IDEP),3.41,4087012.0,287
2024,IEA,United Nations Youth Fund,3.18,4087012.0,224
2024,IHA,United Nations Voluntary Fund for Indigenous Populations,4.11,4087012.0,325
2024,IIM,Trust Fund for the Independent Investigative Mechanism for Myanmar,2.13,4087012.0,177
2024,IIT,Trust Fund to Support the Iraq Investigative Team pursuant to rkp`o OPTV (OMNT),1.42,4087012.0,115
2024,JMS,Trust Fund for the AU-UN Joint Mediation Support Team (JMST) for Darfur,1.19,4087012.0,56
2024,JPO,Trust Fund for Junior Professional Officer Programme Administered by Department of Economic and Social Affairs,3.20,4087012.0,227
2024,JTA,Trust Fund for the Millennium Assembly and the Millennium Summit of the United Nations,6.9,4087012.0,373
2024,KDB,"Trust Fund to Support the Implementation of Community-based Assistance Projects of the Roma, Ashkali and Egyptian Communities in Kosovo",1.41,4087012.0,113
2024,KJA,Trust Fund to Assist Members of the Commission on the Limits of the Continental Shelf from Developing States to Participate in its Meetings,2.5,4087012.0,155
2024,KRT,UNAKRT - UN Assistance for the Khmer Rouge Trails,3.21,4087012.0,230
2024,KSA,Trust Fund in Support of the United Nations Forum on Forests,3.22,4087012.0,233
2024,KUA,Trust Fund to Assist Developing States in the Preparation of Submissions to the Commission on the Limits of the Continental Shelf,2.6,4087012.0,158
2024,LAC,ECLAC - Miscellaneous project accounts,3.23,4087012.0,236
2024,LEA,Library Endowment Fund,6.10,4087012.0,376
2024,LJA,Trust Fund for Special Projects of the Secretary-General,6.11,4087012.0,378
2024,LLA,Trust Fund in Support of the Department of Peacekeeping Operations,1.20,4087012.0,58
2024,LLB,Trust Fund in Support of the Department of Operational Support,1.44,4087012.0,120
2024,LLS,"Trust Fund in Support of Activities Undertaken by the Office of the High Representative for the Least Developed Countries, Landlocked Developing Countries and Small Island Developing States (OHRLLS)",3.24,4087012.0,238
2024,LMR,Trust Fund for Locally Mobilized Non-Core Support for the UN Resident Coordinator Offices,6.25,4087012.0,409
2024,LPD,Trust Fund to Support Lasting Peace in Darfur,1.21,4087012.0,61
2024,LRA,Trust Fund for the Financing of the Implementation of the Convention on Long-Range Transboundary Air Pollution,3.25,4087012.0,241
2024,LSS,Trust Fund for UNOG Local Support Services,6.12,4087012.0,381
2024,MIS,Trust Fund in Support of the African-led International Support Mission in the Central African Republic (MISCA),1.22,4087012.0,63
2024,MNA,Voluntary Trust Fund for Assistance in Mine Action,4.12,4087012.0,328
2024,MSM,Trust Fund in Support of the African-led International Support Mission in Mali,1.23,4087012.0,65
2024,MSS,Trust Fund in Support of the Multinational Security Support (MSS) Mission in Haiti,1.53,4087012.0,143
2024,MWF,Trust Fund for the Memorial Wall for Fallen UN Peacekeepers,6.29,4087012.0,421
2024,MYM,Trust Fund in support of executing the mandate of the Special Envoy of Secretary-General on Myanmar (SESG-Myanmar),1.50,4087012.0,137
2024,NAA,Trust Fund for the Support of Activities of OSAA to the New Partnership for Africa's Development (NEPAD) and Tokyo International Conference on African Development (TICAD) Process,3.27,4087012.0,244
2024,NGA,Trust Fund to Support Peace Process in the Democratic Republic of Congo,1.24,4087012.0,67
2024,NNA,Trust Fund for Children and Armed Conflict,1.25,4087012.0,70
2024,OAU,Trust Fund to support the rkl^r pursuant to Security Councils OOPM (OMNS) OPTU (OMNT) and OQRT (OMNV),1.45,4087012.0,123
2024,OST,Trust Fund in Support of the Office of the Secretary-General's Envoy on Technology,6.27,4087012.0,415
2024,OTB,Trust Fund to Support the launch and operationalization of the Technology Bank for LDCs,3.28,4087012.0,247
2024,OUN,Technical Cooperation Trust Fund for One UN projects implemented by UNCTAD,3.29,4087012.0,250
2024,PDF,Trust Fund for United Nations Peace and Development,3.30,4087012.0,253
2024,PGA,Trust Fund for Population and Development,3.31,4087012.0,256
2024,PIA,Trust Fund for Public Awareness on Disarmament Affairs,1.47,4087012.0,129
2024,PIL,Trust Fund for the Office of Legal Affairs to Support the Promotion of International Law,2.7,4087012.0,160
2024,PSL,Trust Fund in Support of Peace and Security in Libya,1.26,4087012.0,73
2024,PSM,Trust Fund in Support of Peace and Security in Mali,1.27,4087012.0,76
2024,PSO,Trust Fund for the Peacebuilding Support Office,1.28,4087012.0,79
2024,PYA,Trust Fund for Preventive Action,1.29,4087012.0,82
2024,QGA,United Nations Fund for International Partnership (UNFIP),7.1,4087012.0,424
2024,QGB,Trust Fund for Partnerships,7.2,4087012.0,427
2024,QOA,United Nations Trust Fund for Enhancing Professional Capacity in Internal Oversight Functions,6.13,4087012.0,384
2024,RIA,United Nations Research Institute for Social Development,3.32,4087012.0,259
2024,RMB,Trust Fund to Support the Activities of the International Residual Mechanism for Criminal Tribunals,2.8,4087012.0,163
2024,ROD,Trust Fund in Support of the United Nations Register of Damage,1.30,4087012.0,85
2024,RSS,Trust Fund for the United Nations Mission in South Sudan,1.48,4087012.0,131
2024,SAU,Trust Fund in Support of the African Union Mission to Somalia (AMISOM),1.31,4087012.0,87
2024,SBA,Trust Fund in Support of United Nations Programme on Peaceful Uses of Outer Space,1.32,4087012.0,90
2024,SCC,Trust Fund to support the Syrian Constitutional Committee,1.49,4087012.0,134
2024,SCS,Trust Fund in support of the activities of the Office of the UN Special Coordinator for the Development in the Sahel,3.42,4087012.0,291
2024,SEA,Trust Fund in support of the Special Coordinator on improving the United Nations response to Sexual Exploitation and Abuse,6.28,4087012.0,418
2024,SHA,United Nations Trust Fund on Contemporary Forms of Slavery,4.13,4087012.0,331
2024,SIM,Trust Fund in Support of the International Impartial and Independent Mechanism,2.12,4087012.0,174
2024,SNA,Trust Fund to promote information to United Nations staff about the work of the Organization (formerly Secretariat News Trust Fund),6.15,4087012.0,386
2024,SOP,Trust Fund for Peacebuilding in Somalia,1.33,4087012.0,93
2024,SVB,Trust Fund in Support of Victims of Sexual Exploitaion and Abuse,1.35,4087012.0,96
2024,SVC,Trust Fund in Support of the Office of the Special Representative of the Secretary-General on Sexual Violence in Conflict,1.36,4087012.0,99
2024,SVD,Trust Fund in Support of the Special Representative of the Secretary-General on Violence against Children,1.37,4087012.0,102
2024,SWE,Trust Fund for Support of Joint Inspection Unit (JIU) Activities,3.33,4087012.0,262
2024,SZA,Trust Fund in Support of Political Affairs,1.38,4087012.0,105
2024,TJA,Trust Fund to Assist States in the Judicial Settlement of Disputes through the International Court of Justice,2.9,4087012.0,166
2024,TLA,"Trust Fund for the United Nations Programme of Assistance in the Teaching, Study, Dissemination and Wider Appreciation of International Law",2.10,4087012.0,168
2024,TTA,United Nations Commission on International Trade Law Symposia,2.11,4087012.0,171
2024,TXB,Trust Fund for UNCTAD Technical Cooperation Projects,3.34,4087012.0,265
2024,UDF,UN Democracy Trust Fund,1.39,4087012.0,108
2024,UGA,Trust Fund for Security of Staff Members of the United Nations System,6.16,4087012.0,388
2024,UIC,Trust Fund for the United Nations Operation in Cote d'Ivoire,1.40,4087012.0,111
2024,UNN,Trust Fund for UNON Extrabudgetary,6.17,4087012.0,391
2024,UPR,Voluntary Fund for Financial and Technical Assistance for the Implementation of the Universal Periodic Review,4.15,4087012.0,334
2024,VPU,Voluntary Fund for Participation in the Universal Periodic Review,4.16,4087012.0,337
2024,VTA,Voluntary Technical Assistance Trust Fund to Support the Paticipation of Least Developed Countries & Small Island Developing States in the work of the Human Rights Council,4.17,4087012.0,340
2024,WAA,Trust Fund for Aging,3.35,4087012.0,270
2024,WKA,Trust Fund to Support the Work of the High-level Political Forum on Sustainable Development,3.36,4087012.0,272
2024,WOA,Trust Fund for the Follow-up to the World Summit for Social Development,3.37,4087012.0,275
2024,WVZ,ESCWA - Technical Cooperation Trust Fund,3.38,4087012.0,278
2024,XES,Trust Fund for Department of Economic and Social Affairs Capacity Development Programme,3.39,4087012.0,281
2024,YEA,Trust Fund in Support of Office of the Special Envoy of the Secretary General to Yemen (OSESGY),1.54,4087012.0,146
2024,YJA,Trust Fund for Alliance of Civilizations,3.40,4087012.0,284
2024,YRA,Trust Fund for Will and Gift to the UN,6.19,4087012.0,394
